"PaymentID";"CustomerId";"ProductId";"TransactionDate";"CreditCard";"CreditCardNumber"
"3423609";"410";"10121";"2013-02-04T07:24:41";"visaelectron";"4844 6717 6284 5014"
"3423610";"129";"10144";"2013-02-04T09:28:21";"instapayment";"6393 7384 5489 7593"
"3423611";"47";"10131";"2013-02-09T01:48:40";"visaelectron";"4175 0034 1308 9199"
"3423612";"452";"10007";"2013-02-23T08:14:41";"visaelectron";"4844 8717 3509 9661"
"3423613";"487";"10027";"2013-02-21T07:47:04";"visa";"4367 2530 1184 6288"
"3423614";"544";"10301";"2013-02-18T01:49:42";"instapayment";"6381 4556 9947 8519"
"3423615";"529";"10307";"2013-02-23T08:28:11";"amex";"3769 3911 0031 296"
"3423616";"997";"10019";"2013-02-18T07:58:06";"amex";"3776 0350 5380 614"
"3423617";"711";"10095";"2013-02-27T08:21:00";"visa";"4688 2325 2870 5114"
"3423618";"454";"10241";"2013-02-01T03:14:33";"maestro";"6761 5939 4265 3288"
"3423619";"911";"10184";"2013-02-25T03:18:53";"visa";"4837 3180 2497 9327"
"3423620";"102";"10002";"2013-02-22T11:11:45";"mastercard";"5472 2534 7242 2693"
"3423621";"75";"10277";"2013-02-22T09:16:29";"mastercard";"5575 5013 9731 8941"
"3423622";"817";"10261";"2013-02-03T10:40:54";"maestro";"5893 0519 9025 0674"
"3423623";"253";"10020";"2013-02-10T07:02:32";"amex";"3431 8972 0070 272"
"3423624";"726";"10111";"2013-02-16T10:57:39";"instapayment";"6370 0244 1581 9746"
"3423625";"173";"10188";"2013-02-06T08:58:53";"visaelectron";"4844 4992 7664 7787"
"3423626";"304";"10135";"2013-02-01T03:41:35";"amex";"3405 6799 7325 904"
"3423627";"501";"10175";"2013-02-04T07:07:27";"instapayment";"6373 5742 4033 5497"
"3423628";"959";"10271";"2013-02-25T10:37:55";"amex";"3738 7600 3430 743"
"3423629";"809";"10133";"2013-02-07T09:34:49";"visaelectron";"4917 4555 0729 0864"
"3423630";"164";"10230";"2013-02-26T08:38:46";"instapayment";"6394 2372 8782 0400"
"3423631";"18";"10161";"2013-02-09T09:07:06";"amex";"3779 5069 0102 380"
"3423632";"803";"10273";"2013-02-25T05:27:03";"visa";"4398 1444 3621 0130"
"3423633";"724";"10207";"2013-02-07T04:45:21";"amex";"3792 7943 6823 408"
"3423634";"424";"10256";"2013-02-01T11:50:38";"visaelectron";"4917 1665 5499 0682"
"3423635";"443";"10124";"2013-02-12T11:52:28";"visaelectron";"4913 2812 4432 2842"
"3423636";"408";"10143";"2013-02-06T09:14:19";"visaelectron";"4844 5575 0295 6940"
"3423637";"187";"10121";"2013-02-27T06:02:47";"maestro";"5018 0981 4441 0738"
"3423638";"953";"10149";"2013-02-07T12:14:25";"mastercard";"5398 2246 7289 2572"
"3423639";"267";"10226";"2013-02-21T07:14:38";"mastercard";"5528 9916 5435 3574"
"3423640";"916";"10224";"2013-02-18T06:23:59";"instapayment";"6390 6520 5349 1380"
"3423641";"438";"10024";"2013-02-14T04:09:10";"visa";"4790 8412 5537 8922"
"3423642";"193";"10299";"2013-02-02T01:15:39";"mastercard";"5127 0170 6493 3329"
"3423643";"706";"10185";"2013-02-18T08:39:17";"amex";"3773 1426 8293 545"
"3423644";"349";"10184";"2013-02-22T06:10:30";"mastercard";"5314 0542 9215 7390"
"3423645";"235";"10216";"2013-02-19T06:59:10";"mastercard";"5349 2060 7929 5814"
"3423646";"612";"10198";"2013-02-23T02:25:56";"maestro";"5020 4209 9831 6702"
"3423647";"774";"10237";"2013-02-19T06:05:28";"amex";"3473 3159 0944 881"
"3423648";"203";"10077";"2013-02-14T10:08:14";"instapayment";"6385 1188 8576 3328"
"3423649";"959";"10202";"2013-02-11T05:36:19";"visaelectron";"4175 0092 4478 4908"
"3423650";"185";"10277";"2013-02-04T07:02:31";"maestro";"5020 7371 6439 8929"
"3423651";"630";"10347";"2013-02-16T09:37:20";"instapayment";"6383 1678 6409 5279"
"3423652";"694";"10031";"2013-02-05T09:15:29";"instapayment";"6395 7818 3526 8553"
"3423653";"59";"10076";"2013-02-03T01:52:14";"instapayment";"6373 6901 1259 8440"
"3423654";"437";"10187";"2013-02-18T12:05:28";"visaelectron";"4175 0030 4221 9969"
"3423655";"593";"10150";"2013-02-16T09:41:26";"mastercard";"5408 5017 3429 6654"
"3423656";"811";"10127";"2013-02-03T07:33:36";"amex";"3787 3365 7034 583"
"3423657";"778";"10293";"2013-02-24T04:27:16";"visa";"4111 9515 7505 9482"
"3423658";"870";"10242";"2013-02-07T07:27:19";"visa";"4211 6791 6712 1332"
"3423659";"420";"10133";"2013-02-04T03:12:58";"instapayment";"6397 7488 9010 9467"
"3423660";"619";"10008";"2013-02-10T06:15:49";"amex";"3747 5602 9552 929"
"3423661";"456";"10188";"2013-02-19T03:25:51";"amex";"3485 4439 6749 325"
"3423662";"809";"10160";"2013-02-02T02:57:47";"maestro";"6762 1745 7809 5026"
"3423663";"715";"10058";"2013-02-01T07:04:05";"instapayment";"6393 4489 9083 9881"
"3423664";"475";"10315";"2013-02-12T08:07:56";"instapayment";"6385 3033 2958 1060"
"3423665";"827";"10247";"2013-02-25T05:15:50";"amex";"3789 1119 9085 426"
"3423666";"967";"10230";"2013-02-04T05:34:51";"instapayment";"6394 6967 6389 5766"
"3423667";"593";"10217";"2013-02-04T01:11:01";"visaelectron";"4175 0038 4864 4543"
"3423668";"91";"10053";"2013-02-14T11:43:48";"maestro";"6761 7353 0424 3550"
"3423669";"126";"10249";"2013-02-18T09:48:42";"amex";"3790 2360 5008 767"
"3423670";"303";"10269";"2013-02-06T02:31:42";"visa";"4094 4831 2346 6036"
"3423671";"935";"10293";"2013-02-15T11:52:33";"amex";"3715 5014 4176 232"
"3423672";"613";"10228";"2013-02-10T03:02:57";"amex";"3727 7218 4629 263"
"3423673";"915";"10198";"2013-02-17T09:15:43";"visaelectron";"4175 0060 8193 8696"
"3423674";"933";"10279";"2013-02-01T03:49:31";"maestro";"5038 5076 2553 0901"
"3423675";"886";"10186";"2013-02-21T05:32:48";"instapayment";"6385 4038 6442 3668"
"3423676";"157";"10315";"2013-02-14T08:16:51";"maestro";"6759 7235 2968 6195"
"3423677";"950";"10219";"2013-02-22T11:43:48";"visa";"4224 2401 0501 0569"
"3423678";"191";"10092";"2013-02-24T08:59:25";"maestro";"6304 6236 3529 3839"
"3423679";"421";"10217";"2013-02-22T11:25:21";"mastercard";"5312 3892 2455 1977"
"3423680";"447";"10174";"2013-02-20T12:38:14";"visaelectron";"4917 7828 4309 7921"
"3423681";"490";"10191";"2013-02-09T10:50:16";"instapayment";"6381 9504 9158 5941"
"3423682";"101";"10327";"2013-02-27T10:55:14";"visaelectron";"4175 0006 4464 7480"
"3423683";"119";"10328";"2013-02-13T01:30:10";"mastercard";"5211 4611 8942 5562"
"3423684";"518";"10118";"2013-02-08T04:34:39";"visaelectron";"4844 2625 4566 7204"
"3423685";"865";"10011";"2013-02-27T10:05:44";"amex";"3792 2075 1658 961"
"3423686";"837";"10034";"2013-02-02T07:22:58";"mastercard";"5502 9895 6386 1349"
"3423687";"495";"10074";"2013-02-25T09:49:45";"mastercard";"5256 4010 1376 5730"
"3423688";"633";"10347";"2013-02-10T03:41:34";"amex";"3703 8608 2644 498"
"3423689";"235";"10055";"2013-02-24T03:58:05";"instapayment";"6378 8067 6786 9572"
"3423690";"962";"10173";"2013-02-22T03:38:09";"visaelectron";"4917 0625 4603 8864"
"3423691";"510";"10260";"2013-02-25T11:44:12";"mastercard";"5408 8162 6997 6557"
"3423692";"854";"10348";"2013-02-01T07:53:35";"mastercard";"5432 4768 7603 3274"
"3423693";"808";"10093";"2013-02-23T07:14:30";"maestro";"6761 1678 1832 9578"
"3423694";"494";"10070";"2013-02-27T05:34:40";"maestro";"6759 9849 9266 3364"
"3423695";"117";"10119";"2013-02-15T11:52:11";"mastercard";"5351 5178 5130 3989"
"3423696";"927";"10350";"2013-02-09T10:47:17";"visaelectron";"4913 9949 1234 8465"
"3423697";"996";"10257";"2013-02-20T05:37:45";"instapayment";"6384 0255 2225 7690"
"3423698";"100";"10028";"2013-02-08T01:18:26";"visa";"4216 6405 7550 8556"
"3423699";"957";"10181";"2013-02-14T05:43:48";"instapayment";"6393 1269 2236 3002"
"3423700";"434";"10343";"2013-02-25T12:39:21";"amex";"3712 4146 4652 008"
"3423701";"249";"10029";"2013-02-07T02:31:30";"visa";"4039 0443 9650 0808"
"3423702";"983";"10215";"2013-02-09T03:19:09";"visa";"4447 0829 1949 3719"
"3423703";"579";"10004";"2013-02-13T01:12:03";"visa";"4887 6918 3567 7713"
"3423704";"352";"10331";"2013-02-03T10:14:23";"mastercard";"5236 5316 8962 7429"
"3423705";"547";"10097";"2013-02-23T08:32:46";"instapayment";"6370 9427 7593 5085"
"3423706";"246";"10070";"2013-02-14T06:53:19";"instapayment";"6377 8348 1918 8529"
"3423707";"772";"10019";"2013-02-08T04:49:25";"visa";"4834 5006 8160 4891"
"3423708";"484";"10322";"2013-02-13T06:47:44";"visa";"4256 3689 2211 6102"
"3423709";"806";"10044";"2013-02-19T01:22:20";"amex";"3428 1352 7886 496"
"3423710";"781";"10090";"2013-02-03T08:43:02";"visaelectron";"4917 9138 5144 5914"
"3423711";"906";"10010";"2013-02-09T04:39:25";"amex";"3440 4995 1860 362"
"3423712";"397";"10019";"2013-02-02T03:48:51";"instapayment";"6370 8339 9560 8224"
"3423713";"672";"10057";"2013-02-01T01:32:01";"amex";"3711 4762 3745 932"
"3423714";"10";"10245";"2013-02-27T12:04:15";"mastercard";"5125 0981 1588 2105"
"3423715";"366";"10149";"2013-02-01T08:28:03";"instapayment";"6389 9983 6166 8000"
"3423716";"831";"10063";"2013-02-17T10:20:20";"mastercard";"5363 7152 0577 3255"
"3423717";"441";"10163";"2013-02-21T04:57:54";"visa";"4662 7302 8862 4953"
"3423718";"992";"10219";"2013-02-20T05:17:18";"maestro";"5038 1848 2613 7983"
"3423719";"460";"10073";"2013-02-09T10:51:39";"mastercard";"5441 8468 1019 9754"
"3423720";"729";"10060";"2013-02-25T07:57:36";"visaelectron";"4844 6535 9513 5060"
"3423721";"101";"10063";"2013-02-06T12:11:26";"visaelectron";"4913 4764 9527 6974"
"3423722";"734";"10116";"2013-02-25T07:20:22";"mastercard";"5534 4049 6140 5188"
"3423723";"403";"10008";"2013-02-18T12:41:27";"mastercard";"5334 9683 9910 5067"
"3423724";"320";"10312";"2013-02-18T08:27:05";"mastercard";"5466 1119 7181 4919"
"3423725";"734";"10281";"2013-02-13T02:45:28";"mastercard";"5549 8784 8765 1834"
"3423726";"721";"10317";"2013-02-23T07:14:25";"mastercard";"5532 7371 5666 3703"
"3423727";"253";"10301";"2013-02-02T03:25:37";"instapayment";"6386 8637 1613 9920"
"3423728";"935";"10220";"2013-02-18T11:29:02";"instapayment";"6386 0896 5207 1030"
"3423729";"756";"10163";"2013-02-10T02:39:35";"amex";"3754 2778 9600 568"
"3423730";"997";"10020";"2013-02-12T09:31:41";"amex";"3460 3589 4940 336"
"3423731";"900";"10029";"2013-02-07T11:52:49";"visaelectron";"4175 0064 6417 8704"
"3423732";"486";"10096";"2013-02-24T09:45:18";"amex";"3750 9823 6767 746"
"3423733";"747";"10262";"2013-02-11T05:35:58";"visaelectron";"4917 9537 0846 1722"
"3423734";"332";"10003";"2013-02-25T10:36:01";"visa";"4553 9652 6865 8413"
"3423735";"474";"10346";"2013-02-23T03:51:02";"amex";"3734 1734 7704 954"
"3423736";"764";"10231";"2013-02-25T10:18:57";"visa";"4495 5211 6902 0624"
"3423737";"847";"10277";"2013-02-23T07:24:19";"visaelectron";"4913 7491 8220 1129"
"3423738";"267";"10163";"2013-02-13T07:56:50";"mastercard";"5156 7934 8620 4580"
"3423739";"795";"10075";"2013-02-16T09:22:07";"maestro";"5020 5812 1445 0524"
"3423740";"12";"10273";"2013-02-15T07:59:54";"mastercard";"5139 3950 9036 7845"
"3423741";"966";"10254";"2013-02-19T01:26:20";"instapayment";"6370 4281 0604 4854"
"3423742";"115";"10024";"2013-02-16T11:50:14";"visaelectron";"4508 8751 2689 3936"
"3423743";"711";"10265";"2013-02-22T03:53:21";"visa";"4223 8170 2922 9622"
"3423744";"412";"10303";"2013-02-02T07:55:53";"visa";"4088 6576 2895 0010"
"3423745";"289";"10246";"2013-02-17T09:34:42";"mastercard";"5214 6538 0442 3025"
"3423746";"190";"10314";"2013-02-14T11:54:43";"amex";"3730 1074 7388 716"
"3423747";"459";"10135";"2013-02-02T02:37:13";"maestro";"5038 4110 3408 1426"
"3423748";"449";"10175";"2013-02-09T03:04:20";"maestro";"6304 7849 8596 8717"
"3423749";"820";"10350";"2013-02-11T04:07:46";"maestro";"6761 7491 0097 5893"
"3423750";"833";"10282";"2013-02-19T12:27:26";"mastercard";"5521 8635 7351 4445"
"3423751";"388";"10232";"2013-02-18T08:06:39";"amex";"3720 3958 2904 296"
"3423752";"304";"10083";"2013-02-01T05:59:13";"mastercard";"5420 1310 8757 6090"
"3423753";"951";"10014";"2013-02-13T02:03:19";"mastercard";"5432 6587 8963 4435"
"3423754";"32";"10262";"2013-02-06T12:04:37";"visaelectron";"4913 6019 5477 7465"
"3423755";"678";"10328";"2013-02-22T12:40:42";"maestro";"6762 1549 2432 8826"
"3423756";"704";"10150";"2013-02-07T01:25:39";"amex";"3444 6638 4184 873"
"3423757";"292";"10102";"2013-02-24T03:29:06";"visaelectron";"4917 7748 9123 2336"
"3423758";"675";"10128";"2013-02-24T04:10:55";"visa";"4009 4292 6116 7500"
"3423759";"906";"10338";"2013-02-04T06:26:22";"instapayment";"6390 0465 0602 3827"
"3423760";"916";"10079";"2013-02-06T11:15:08";"visaelectron";"4844 0204 3570 9118"
"3423761";"250";"10112";"2013-02-12T04:51:38";"maestro";"5018 8543 4471 8589"
"3423762";"762";"10155";"2013-02-09T08:45:56";"visa";"4565 0273 2788 2058"
"3423763";"581";"10017";"2013-02-25T08:51:01";"visaelectron";"4844 3112 9897 9645"
"3423764";"801";"10336";"2013-02-23T09:22:13";"visaelectron";"4508 5877 2394 4828"
"3423765";"104";"10192";"2013-02-20T10:13:58";"amex";"3740 0245 0139 435"
"3423766";"97";"10023";"2013-02-12T02:59:41";"visaelectron";"4917 9619 6669 3290"
"3423767";"996";"10298";"2013-02-04T08:06:35";"visaelectron";"4844 8225 6006 7745"
"3423768";"104";"10121";"2013-02-21T04:01:41";"mastercard";"5382 4205 4389 5988"
"3423769";"554";"10160";"2013-02-13T05:02:12";"amex";"3773 0708 3754 022"
"3423770";"281";"10200";"2013-02-02T03:34:32";"visa";"4471 7835 4307 0935"
"3423771";"35";"10081";"2013-02-15T03:13:46";"maestro";"5038 0322 7427 4024"
"3423772";"410";"10083";"2013-02-12T01:38:06";"mastercard";"5494 8507 1442 7432"
"3423773";"986";"10095";"2013-02-24T02:13:34";"maestro";"6761 3850 5785 5885"
"3423774";"56";"10199";"2013-02-24T03:44:09";"maestro";"5020 5417 1302 7512"
"3423775";"769";"10294";"2013-02-02T08:47:09";"visaelectron";"4026 4679 4598 8437"
"3423776";"448";"10303";"2013-02-09T12:38:19";"instapayment";"6381 8644 0016 0672"
"3423777";"943";"10133";"2013-02-01T05:22:36";"amex";"3788 7411 8166 364"
"3423778";"287";"10251";"2013-02-19T06:42:05";"mastercard";"5467 4355 2268 2460"
"3423779";"985";"10089";"2013-02-16T06:12:37";"amex";"3715 0419 2748 335"
"3423780";"644";"10277";"2013-02-17T11:41:25";"mastercard";"5297 4105 9194 2703"
"3423781";"535";"10005";"2013-02-20T02:20:01";"visa";"4011 7301 3559 0009"
"3423782";"148";"10339";"2013-02-20T10:51:47";"visaelectron";"4026 0240 7404 7418"
"3423783";"983";"10319";"2013-02-24T08:39:47";"instapayment";"6381 3653 9461 4427"
"3423784";"135";"10005";"2013-02-27T03:38:25";"visaelectron";"4844 7845 8310 4899"
"3423785";"784";"10346";"2013-02-10T11:57:35";"mastercard";"5506 2795 0332 3758"
"3423786";"300";"10161";"2013-02-21T08:42:40";"maestro";"6304 3777 3245 8494"
"3423787";"270";"10042";"2013-02-06T11:54:30";"mastercard";"5177 4009 8570 6736"
"3423788";"632";"10337";"2013-02-24T10:53:06";"maestro";"6761 1441 9160 4059"
"3423789";"139";"10157";"2013-02-20T05:21:13";"visaelectron";"4175 0033 1994 8985"
"3423790";"128";"10114";"2013-02-11T08:56:57";"instapayment";"6384 5302 9971 8329"
"3423791";"14";"10317";"2013-02-04T10:17:06";"mastercard";"5146 0891 5780 1405"
"3423792";"842";"10093";"2013-02-08T01:00:14";"visaelectron";"4175 0024 4375 7288"
"3423793";"641";"10346";"2013-02-22T11:33:00";"amex";"3767 5781 2693 233"
"3423794";"317";"10016";"2013-02-09T01:04:00";"visa";"4920 5591 4352 6881"
"3423795";"368";"10170";"2013-02-01T09:44:43";"maestro";"6761 2531 2914 8038"
"3423796";"350";"10223";"2013-02-27T07:36:53";"amex";"3421 3943 8585 823"
"3423797";"498";"10200";"2013-02-09T05:08:32";"amex";"3404 9129 7345 522"
"3423798";"336";"10046";"2013-02-06T02:19:45";"visa";"4057 8549 1440 3229"
"3423799";"28";"10215";"2013-02-11T10:50:39";"visaelectron";"4026 3146 4613 5829"
"3423800";"148";"10051";"2013-02-06T06:18:09";"visa";"4004 1639 9979 4351"
"3423801";"26";"10028";"2013-02-05T08:28:59";"visaelectron";"4844 7041 8579 5969"
"3423802";"621";"10088";"2013-02-12T12:42:27";"mastercard";"5291 3901 7790 8854"
"3423803";"629";"10030";"2013-02-16T04:17:32";"mastercard";"5126 4738 5778 2368"
"3423804";"235";"10276";"2013-02-04T09:17:26";"mastercard";"5191 2923 8360 4460"
"3423805";"225";"10179";"2013-02-23T02:13:30";"maestro";"6762 9200 1171 4171"
"3423806";"509";"10052";"2013-02-11T04:58:41";"amex";"3419 6077 2347 970"
"3423807";"870";"10054";"2013-02-13T11:36:51";"amex";"3423 5591 4756 924"
"3423808";"963";"10041";"2013-02-04T03:56:52";"instapayment";"6393 6001 2832 5064"
"3423809";"466";"10007";"2013-02-25T08:35:58";"mastercard";"5577 4912 1419 4295"
"3423810";"230";"10309";"2013-02-10T02:21:43";"maestro";"6759 6125 3369 8157"
"3423811";"443";"10230";"2013-02-08T07:23:51";"visa";"4186 8252 3704 7350"
"3423812";"58";"10108";"2013-02-09T09:01:33";"instapayment";"6389 7053 6086 8485"
"3423813";"20";"10161";"2013-02-02T07:15:51";"visa";"4148 3321 4538 5540"
"3423814";"493";"10088";"2013-02-18T11:54:41";"instapayment";"6395 0062 6013 0288"
"3423815";"158";"10021";"2013-02-23T01:18:47";"mastercard";"5402 3936 2312 0476"
"3423816";"479";"10349";"2013-02-18T09:44:15";"mastercard";"5398 9206 7968 6301"
"3423817";"424";"10011";"2013-02-26T01:13:24";"visa";"4477 5476 4528 5616"
"3423818";"490";"10176";"2013-02-10T11:09:59";"maestro";"5018 2692 3734 2563"
"3423819";"871";"10285";"2013-02-26T05:23:18";"mastercard";"5539 5385 8813 3999"
"3423820";"569";"10228";"2013-02-01T03:45:05";"maestro";"6763 4510 0805 7027"
"3423821";"934";"10072";"2013-02-01T09:58:22";"mastercard";"5168 1381 5716 1345"
"3423822";"344";"10218";"2013-02-18T01:36:36";"mastercard";"5211 0366 6948 5326"
"3423823";"70";"10212";"2013-02-06T05:45:58";"visaelectron";"4508 7286 6960 5391"
"3423824";"136";"10152";"2013-02-05T11:29:03";"visaelectron";"4917 3579 4337 4437"
"3423825";"529";"10029";"2013-02-20T12:33:08";"mastercard";"5240 0197 0146 6715"
"3423826";"318";"10281";"2013-02-25T10:54:46";"maestro";"6304 7578 7941 2901"
"3423827";"239";"10164";"2013-02-17T06:24:37";"amex";"3439 4793 8389 002"
"3423828";"420";"10264";"2013-02-07T11:35:33";"amex";"3730 6124 3029 478"
"3423829";"220";"10273";"2013-02-01T05:08:03";"visa";"4738 3071 1771 6035"
"3423830";"331";"10325";"2013-02-03T06:43:01";"instapayment";"6393 4267 6647 5882"
"3423831";"362";"10307";"2013-02-15T06:36:22";"mastercard";"5380 7547 9187 2170"
"3423832";"111";"10330";"2013-02-03T09:53:39";"mastercard";"5421 1396 0796 6443"
"3423833";"654";"10193";"2013-02-24T04:37:37";"instapayment";"6397 5538 7363 4410"
"3423834";"581";"10051";"2013-02-04T12:03:18";"mastercard";"5103 4604 1269 3765"
"3423835";"181";"10063";"2013-02-03T10:20:17";"mastercard";"5137 7445 2261 1670"
"3423836";"840";"10280";"2013-02-03T01:36:48";"mastercard";"5511 2181 7016 8545"
"3423837";"247";"10256";"2013-02-09T09:54:12";"instapayment";"6392 6333 4371 5406"
"3423838";"327";"10309";"2013-02-22T11:08:56";"amex";"3733 5493 0284 419"
"3423839";"71";"10030";"2013-02-14T04:06:27";"mastercard";"5462 6101 8693 9035"
"3423840";"827";"10335";"2013-02-11T09:02:10";"visa";"4130 1357 7076 3679"
"3423841";"321";"10248";"2013-02-23T11:06:14";"visaelectron";"4508 4109 7873 0406"
"3423842";"129";"10287";"2013-02-02T10:17:41";"mastercard";"5469 8912 0937 0092"
"3423843";"642";"10012";"2013-02-14T01:07:16";"mastercard";"5110 4387 4035 9896"
"3423844";"602";"10081";"2013-02-06T06:21:10";"visaelectron";"4508 1671 7533 4990"
"3423845";"16";"10172";"2013-02-24T11:22:11";"maestro";"5018 3443 4273 3129"
"3423846";"99";"10268";"2013-02-21T10:16:32";"visa";"4609 4799 8166 1419"
"3423847";"439";"10218";"2013-02-03T11:11:20";"visaelectron";"4508 9429 3151 2802"
"3423848";"981";"10168";"2013-02-20T04:49:07";"amex";"3411 9966 8698 762"
"3423849";"931";"10213";"2013-02-23T10:14:50";"visa";"4391 0343 9265 9007"
"3423850";"963";"10143";"2013-02-07T09:08:56";"visaelectron";"4175 0010 3677 4528"
"3423851";"342";"10172";"2013-02-15T09:25:57";"visaelectron";"4175 0089 8565 6374"
"3423852";"734";"10215";"2013-02-05T03:51:44";"visaelectron";"4508 5879 7532 6989"
"3423853";"751";"10133";"2013-02-14T09:57:47";"amex";"3499 5853 2536 058"
"3423854";"987";"10119";"2013-02-25T09:25:35";"instapayment";"6381 2946 9018 3665"
"3423855";"540";"10110";"2013-02-24T05:32:27";"instapayment";"6375 5511 9912 9103"
"3423856";"587";"10266";"2013-02-18T04:01:03";"visaelectron";"4844 2113 5723 2839"
"3423857";"345";"10287";"2013-02-10T01:10:42";"maestro";"5020 3083 5601 9580"
"3423858";"59";"10317";"2013-02-09T04:48:45";"instapayment";"6389 1413 6689 7007"
"3423859";"190";"10257";"2013-02-15T08:46:02";"amex";"3435 4537 6448 197"
"3423860";"525";"10267";"2013-02-06T02:11:34";"maestro";"5018 3849 0588 9660"
"3423861";"69";"10243";"2013-02-04T08:43:29";"maestro";"6304 1630 1445 8232"
"3423862";"486";"10254";"2013-02-13T09:59:31";"instapayment";"6372 3476 1112 8192"
"3423863";"112";"10168";"2013-02-20T11:57:07";"mastercard";"5165 7919 3673 0104"
"3423864";"544";"10174";"2013-02-22T08:32:13";"amex";"3430 2951 0306 819"
"3423865";"272";"10179";"2013-02-17T07:53:07";"instapayment";"6384 8958 6977 6829"
"3423866";"318";"10335";"2013-02-10T12:28:58";"maestro";"6304 4608 7197 7910"
"3423867";"158";"10344";"2013-02-15T06:52:25";"maestro";"5038 0601 3379 7166"
"3423868";"284";"10238";"2013-02-26T12:37:47";"visa";"4220 2800 4332 1409"
"3423869";"231";"10153";"2013-02-21T03:53:45";"mastercard";"5387 8027 8925 2252"
"3423870";"213";"10231";"2013-02-27T04:16:50";"instapayment";"6371 8880 5771 8336"
"3423871";"93";"10059";"2013-02-04T06:01:30";"mastercard";"5582 2526 2653 8211"
"3423872";"225";"10052";"2013-02-06T07:52:41";"visa";"4724 0329 8923 7474"
"3423873";"10";"10152";"2013-02-12T04:10:29";"visaelectron";"4508 2070 5855 7117"
"3423874";"188";"10277";"2013-02-20T01:45:44";"mastercard";"5465 8469 9470 2366"
"3423875";"116";"10115";"2013-02-03T10:51:32";"amex";"3487 3611 0359 296"
"3423876";"369";"10286";"2013-02-24T12:23:55";"instapayment";"6373 4341 5371 0493"
"3423877";"983";"10049";"2013-02-05T06:08:20";"mastercard";"5582 8000 5889 2785"
"3423878";"774";"10254";"2013-02-19T04:31:06";"maestro";"5038 5756 8569 8249"
"3423879";"377";"10061";"2013-02-21T03:35:29";"visaelectron";"4026 4536 9490 9030"
"3423880";"577";"10263";"2013-02-22T04:41:57";"visaelectron";"4026 5888 6214 1781"
"3423881";"8";"10082";"2013-02-07T02:55:15";"maestro";"6304 3748 3420 3498"
"3423882";"401";"10116";"2013-02-01T09:03:55";"amex";"3402 0894 8041 676"
"3423883";"116";"10187";"2013-02-06T10:43:22";"amex";"3415 8240 5976 221"
"3423884";"997";"10033";"2013-02-23T02:17:33";"instapayment";"6372 7569 6604 1430"
"3423885";"477";"10113";"2013-02-12T04:23:48";"maestro";"6759 9905 6596 9484"
"3423886";"30";"10341";"2013-02-19T09:12:35";"visa";"4403 7762 5269 8717"
"3423887";"262";"10093";"2013-02-19T07:16:35";"visa";"4056 9342 7849 7867"
"3423888";"252";"10276";"2013-02-13T11:42:47";"mastercard";"5159 6723 9998 3711"
"3423889";"763";"10223";"2013-02-23T11:03:45";"amex";"3439 5600 2760 014"
"3423890";"377";"10345";"2013-02-06T11:22:19";"maestro";"6761 9711 6038 7005"
"3423891";"641";"10116";"2013-02-04T12:52:48";"mastercard";"5462 0699 1906 6683"
"3423892";"313";"10092";"2013-02-16T05:37:09";"mastercard";"5518 1268 6262 7756"
"3423893";"762";"10008";"2013-02-24T07:31:43";"mastercard";"5213 6192 5373 6051"
"3423894";"242";"10170";"2013-02-23T04:39:25";"visa";"4531 3204 4997 3090"
"3423895";"116";"10056";"2013-02-25T10:18:53";"mastercard";"5187 1385 4781 4139"
"3423896";"244";"10224";"2013-02-19T04:58:03";"amex";"3756 6728 2126 179"
"3423897";"551";"10003";"2013-02-23T04:02:46";"mastercard";"5397 9272 6144 4677"
"3423898";"760";"10207";"2013-02-26T02:24:38";"amex";"3756 1142 8304 589"
"3423899";"308";"10243";"2013-02-14T04:21:54";"amex";"3482 5285 7354 920"
"3423900";"228";"10014";"2013-02-18T12:46:37";"mastercard";"5281 9995 9263 7336"
"3423901";"376";"10348";"2013-02-16T07:43:43";"instapayment";"6382 1749 3278 4851"
"3423902";"631";"10127";"2013-02-09T09:28:10";"maestro";"6763 4668 2677 6285"
"3423903";"739";"10261";"2013-02-26T03:06:14";"visaelectron";"4844 4354 7286 7530"
"3423904";"561";"10021";"2013-02-25T08:42:44";"instapayment";"6388 9527 3218 9585"
"3423905";"482";"10269";"2013-02-27T03:21:41";"amex";"3445 4019 6254 338"
"3423906";"606";"10025";"2013-02-14T06:40:30";"instapayment";"6374 2128 7051 5737"
"3423907";"523";"10216";"2013-02-05T01:07:10";"visaelectron";"4175 0021 2540 7970"
"3423908";"537";"10195";"2013-02-08T03:37:28";"maestro";"6304 3993 2174 6790"
"3423909";"502";"10340";"2013-02-03T06:48:39";"mastercard";"5288 2122 6739 1269"
"3423910";"815";"10221";"2013-02-06T02:25:24";"mastercard";"5514 5846 0355 1178"
"3423911";"948";"10010";"2013-02-21T02:28:34";"mastercard";"5237 1942 2205 8583"
"3423912";"401";"10073";"2013-02-14T11:22:40";"visa";"4182 5029 1403 3359"
"3423913";"402";"10054";"2013-02-12T04:02:32";"maestro";"6759 4655 9387 6456"
"3423914";"705";"10081";"2013-02-14T08:32:34";"instapayment";"6399 2063 2873 6128"
"3423915";"602";"10308";"2013-02-20T11:09:20";"mastercard";"5300 8755 2824 5005"
"3423916";"794";"10211";"2013-02-06T11:34:16";"maestro";"6759 9665 5610 3051"
"3423917";"223";"10203";"2013-02-11T06:21:03";"amex";"3705 8599 5330 208"
"3423918";"653";"10204";"2013-02-21T11:11:51";"visa";"4716 5381 6927 5720"
"3423919";"852";"10116";"2013-02-21T06:00:19";"visaelectron";"4026 0999 2985 3160"
"3423920";"363";"10256";"2013-02-08T12:32:45";"mastercard";"5138 0629 2005 5468"
"3423921";"109";"10312";"2013-02-27T10:40:49";"amex";"3496 3802 8925 086"
"3423922";"563";"10087";"2013-02-07T06:11:06";"maestro";"6304 0361 9481 1372"
"3423923";"843";"10099";"2013-02-05T05:01:05";"instapayment";"6379 1630 3769 1553"
"3423924";"467";"10062";"2013-02-15T01:34:57";"mastercard";"5107 9475 3892 2595"
"3423925";"345";"10118";"2013-02-11T11:59:37";"amex";"3740 9878 1390 002"
"3423926";"974";"10011";"2013-02-24T03:09:33";"instapayment";"6397 3425 9429 5044"
"3423927";"343";"10074";"2013-02-13T02:04:58";"visa";"4481 5768 8132 0054"
"3423928";"160";"10139";"2013-02-20T02:03:48";"maestro";"6759 1636 0246 3362"
"3423929";"416";"10056";"2013-02-06T11:13:01";"mastercard";"5560 2933 7394 3762"
"3423930";"514";"10120";"2013-02-11T01:22:43";"visaelectron";"4026 7288 7817 9371"
"3423931";"59";"10315";"2013-02-14T07:59:38";"instapayment";"6381 9340 3867 2610"
"3423932";"854";"10292";"2013-02-01T07:28:53";"amex";"3777 9230 3429 010"
"3423933";"307";"10100";"2013-02-01T10:35:24";"visa";"4100 8064 0034 3787"
"3423934";"709";"10007";"2013-02-17T10:45:00";"instapayment";"6385 7372 7710 1068"
"3423935";"295";"10222";"2013-02-24T07:29:09";"amex";"3731 6766 9489 524"
"3423936";"370";"10278";"2013-02-12T02:13:59";"amex";"3758 4431 3944 413"
"3423937";"538";"10176";"2013-02-26T05:44:50";"mastercard";"5546 2365 3606 1831"
"3423938";"488";"10036";"2013-02-20T01:46:01";"visa";"4600 9838 6697 4101"
"3423939";"58";"10272";"2013-02-23T07:20:36";"amex";"3432 1673 4831 074"
"3423940";"274";"10116";"2013-02-25T07:47:07";"visaelectron";"4913 7961 9222 2074"
"3423941";"678";"10252";"2013-02-03T05:47:45";"amex";"3471 9058 0245 471"
"3423942";"907";"10144";"2013-02-08T01:03:23";"visa";"4149 7211 4688 4924"
"3423943";"967";"10307";"2013-02-17T10:04:53";"amex";"3491 1957 1618 311"
"3423944";"693";"10192";"2013-02-07T02:55:47";"maestro";"6761 7597 0836 7229"
"3423945";"315";"10006";"2013-02-27T04:57:15";"instapayment";"6393 0732 4176 9420"
"3423946";"910";"10006";"2013-02-09T08:22:54";"visaelectron";"4175 0023 4814 8625"
"3423947";"599";"10236";"2013-02-17T04:48:48";"mastercard";"5224 9845 2226 0623"
"3423948";"27";"10027";"2013-02-24T12:52:41";"amex";"3439 4516 1331 717"
"3423949";"729";"10189";"2013-02-05T02:00:37";"maestro";"6761 0121 8674 6971"
"3423950";"160";"10331";"2013-02-11T11:48:51";"maestro";"6763 0985 6041 7535"
"3423951";"113";"10240";"2013-02-09T11:00:10";"visa";"4879 7972 2901 3587"
"3423952";"233";"10220";"2013-02-07T05:42:03";"amex";"3770 2148 7488 943"
"3423953";"759";"10169";"2013-02-08T11:58:23";"visaelectron";"4844 2169 1332 0176"
"3423954";"261";"10229";"2013-02-18T09:24:06";"instapayment";"6397 2100 4203 7203"
"3423955";"285";"10085";"2013-02-21T06:18:02";"mastercard";"5215 4487 5157 5623"
"3423956";"618";"10311";"2013-02-16T02:03:13";"amex";"3753 7935 8245 301"
"3423957";"587";"10252";"2013-02-14T07:37:27";"mastercard";"5206 7365 5106 1286"
"3423958";"908";"10067";"2013-02-20T07:54:29";"visaelectron";"4844 1078 9835 9596"
"3423959";"300";"10046";"2013-02-07T01:37:23";"maestro";"5038 8238 9576 7473"
"3423960";"298";"10057";"2013-02-06T11:00:27";"mastercard";"5117 8047 2270 2481"
"3423961";"448";"10280";"2013-02-11T11:47:37";"amex";"3713 7006 9579 900"
"3423962";"768";"10009";"2013-02-20T07:59:44";"maestro";"6759 7651 4957 7288"
"3423963";"925";"10080";"2013-02-07T06:31:29";"visa";"4889 2442 5597 9108"
"3423964";"762";"10184";"2013-02-18T11:42:37";"instapayment";"6386 2989 7475 0854"
"3423965";"481";"10132";"2013-02-14T09:57:53";"instapayment";"6392 4194 3367 6728"
"3423966";"149";"10335";"2013-02-14T07:01:30";"instapayment";"6398 9805 9536 6717"
"3423967";"931";"10268";"2013-02-14T03:39:14";"visa";"4786 5574 7434 9512"
"3423968";"222";"10125";"2013-02-03T05:23:53";"visaelectron";"4913 9516 8805 7779"
"3423969";"237";"10110";"2013-02-11T02:54:03";"instapayment";"6373 5779 4125 5914"
"3423970";"746";"10223";"2013-02-15T10:48:10";"maestro";"6761 3090 7293 0259"
"3423971";"853";"10051";"2013-02-16T07:00:32";"instapayment";"6381 4080 2957 4374"
"3423972";"647";"10199";"2013-02-13T03:22:02";"amex";"3433 7186 1545 151"
"3423973";"553";"10341";"2013-02-25T08:06:26";"maestro";"6759 3445 1799 2899"
"3423974";"36";"10205";"2013-02-21T06:42:23";"visa";"4706 1392 3853 7802"
"3423975";"484";"10154";"2013-02-08T01:37:04";"amex";"3780 5678 5326 188"
"3423976";"703";"10317";"2013-02-01T06:51:47";"amex";"3739 3508 2553 591"
"3423977";"808";"10177";"2013-02-06T09:28:39";"maestro";"6759 0337 1338 1995"
"3423978";"87";"10247";"2013-02-20T02:43:36";"mastercard";"5528 0203 5565 0664"
"3423979";"693";"10329";"2013-02-20T06:58:09";"amex";"3476 2981 3836 572"
"3423980";"970";"10016";"2013-02-15T01:58:15";"instapayment";"6392 5881 5078 6421"
"3423981";"770";"10035";"2013-02-23T03:30:39";"instapayment";"6384 4162 9630 3564"
"3423982";"875";"10252";"2013-02-27T12:55:37";"maestro";"5018 9355 4197 3208"
"3423983";"440";"10153";"2013-02-07T08:45:17";"visa";"4282 4311 5213 9075"
"3423984";"164";"10173";"2013-02-27T04:30:11";"instapayment";"6393 3585 8471 3907"
"3423985";"554";"10185";"2013-02-01T06:38:14";"visa";"4647 6853 4555 4439"
"3423986";"380";"10015";"2013-02-14T06:00:07";"visaelectron";"4508 6532 0966 0419"
"3423987";"95";"10048";"2013-02-11T10:05:47";"visa";"4012 8494 1821 3789"
"3423988";"246";"10141";"2013-02-04T10:37:12";"maestro";"5020 3810 6083 8660"
"3423989";"403";"10147";"2013-02-15T01:26:48";"instapayment";"6398 7633 9309 5146"
"3423990";"15";"10335";"2013-02-03T10:00:16";"instapayment";"6374 2547 8082 7604"
"3423991";"436";"10102";"2013-02-20T07:22:32";"instapayment";"6377 7316 6807 6567"
"3423992";"629";"10298";"2013-02-16T07:07:43";"amex";"3439 8553 8232 842"
"3423993";"291";"10046";"2013-02-13T09:51:00";"maestro";"6761 4825 2328 1885"
"3423994";"200";"10049";"2013-02-11T05:53:04";"instapayment";"6383 5131 7995 6947"
"3423995";"921";"10003";"2013-02-12T04:03:55";"instapayment";"6377 4538 0254 2863"
"3423996";"882";"10085";"2013-02-26T07:04:15";"visa";"4393 6730 9453 5516"
"3423997";"594";"10058";"2013-02-11T07:58:51";"amex";"3774 9481 1070 903"
"3423998";"128";"10331";"2013-02-22T01:19:01";"visa";"4612 7066 4736 3922"
"3423999";"119";"10301";"2013-02-11T05:17:47";"visa";"4202 3698 4059 5000"
"3424000";"625";"10286";"2013-02-03T10:20:44";"visa";"4395 1249 5254 9551"
"3424001";"300";"10148";"2013-02-04T09:29:51";"visaelectron";"4026 6705 7149 5813"
"3424002";"13";"10317";"2013-02-22T04:32:22";"visa";"4094 2760 8493 7932"
"3424003";"389";"10059";"2013-02-10T10:21:51";"instapayment";"6388 8440 6112 8658"
"3424004";"528";"10141";"2013-02-20T10:37:22";"mastercard";"5112 3384 9384 3120"
"3424005";"509";"10286";"2013-02-01T12:18:43";"maestro";"5018 0859 6162 6744"
"3424006";"390";"10143";"2013-02-13T10:39:36";"instapayment";"6384 0170 4018 0413"
"3424007";"199";"10049";"2013-02-27T05:43:04";"mastercard";"5535 1699 2293 5537"
"3424008";"598";"10000";"2013-02-14T03:18:07";"visaelectron";"4175 0076 9828 2072"
"3424009";"210";"10004";"2013-02-07T02:38:19";"maestro";"5018 7387 0425 0368"
"3424010";"247";"10200";"2013-02-04T01:39:06";"visaelectron";"4917 2118 6069 5805"
"3424011";"670";"10077";"2013-02-05T07:39:16";"visa";"4076 2915 5557 1278"
"3424012";"183";"10273";"2013-02-23T12:25:04";"amex";"3702 9475 2032 194"
"3424013";"565";"10114";"2013-02-23T10:26:47";"amex";"3781 5268 9372 145"
"3424014";"57";"10209";"2013-02-11T02:06:50";"visa";"4939 0882 3461 7341"
"3424015";"225";"10114";"2013-02-17T03:59:43";"visaelectron";"4508 8588 6030 9327"
"3424016";"350";"10170";"2013-02-23T09:38:27";"maestro";"6759 1109 9067 8325"
"3424017";"203";"10004";"2013-02-27T03:44:36";"mastercard";"5515 9480 8994 9983"
"3424018";"998";"10112";"2013-02-27T04:31:09";"visa";"4582 2744 9025 5808"
"3424019";"454";"10297";"2013-02-06T10:55:56";"visaelectron";"4844 8307 0323 2761"
"3424020";"588";"10181";"2013-02-08T11:47:59";"amex";"3749 4469 3235 142"
"3424021";"244";"10180";"2013-02-19T12:17:29";"amex";"3787 2359 5832 271"
"3424022";"926";"10225";"2013-02-11T02:40:57";"instapayment";"6378 7439 4223 0067"
"3424023";"552";"10202";"2013-02-09T01:18:12";"maestro";"5893 7518 3349 1696"
"3424024";"994";"10014";"2013-02-27T07:15:17";"visaelectron";"4917 6156 6286 8826"
"3424025";"58";"10139";"2013-02-09T09:49:40";"instapayment";"6390 0215 7078 1345"
"3424026";"883";"10012";"2013-02-17T12:32:27";"amex";"3714 5060 4457 067"
"3424027";"955";"10322";"2013-02-05T05:46:29";"instapayment";"6373 8544 2835 3045"
"3424028";"376";"10329";"2013-02-03T12:32:48";"visa";"4321 3318 5430 8379"
"3424029";"986";"10011";"2013-02-24T08:52:20";"amex";"3414 8103 6908 432"
"3424030";"208";"10132";"2013-02-09T03:55:36";"mastercard";"5305 7815 7379 9653"
"3424031";"25";"10025";"2013-02-27T02:22:14";"visa";"4568 1138 4136 7508"
"3424032";"937";"10157";"2013-02-20T05:17:03";"amex";"3789 1266 3021 111"
"3424033";"522";"10084";"2013-02-09T07:12:43";"mastercard";"5412 6448 4277 4305"
"3424034";"538";"10266";"2013-02-24T11:23:43";"visa";"4967 1794 3386 4530"
"3424035";"894";"10022";"2013-02-13T11:07:11";"mastercard";"5293 3211 1402 4586"
"3424036";"496";"10287";"2013-02-08T11:39:54";"amex";"3767 3054 9072 518"
"3424037";"673";"10167";"2013-02-01T11:58:47";"mastercard";"5536 3333 2041 0803"
"3424038";"269";"10016";"2013-02-27T08:04:27";"visaelectron";"4917 4423 3355 1834"
"3424039";"864";"10264";"2013-02-19T11:27:23";"maestro";"5020 2099 0213 6482"
"3424040";"371";"10115";"2013-02-20T01:23:03";"visaelectron";"4913 9994 6821 6420"
"3424041";"519";"10102";"2013-02-05T06:27:29";"visa";"4357 8790 2227 0373"
"3424042";"253";"10109";"2013-02-10T08:04:47";"mastercard";"5388 9333 7730 1679"
"3424043";"919";"10087";"2013-02-07T10:27:50";"amex";"3723 3689 8425 119"
"3424044";"408";"10155";"2013-02-27T07:24:23";"amex";"3747 3955 7829 737"
"3424045";"178";"10029";"2013-02-02T02:02:22";"maestro";"5893 1427 8160 2486"
"3424046";"797";"10159";"2013-02-23T11:42:17";"maestro";"5893 5339 9054 5989"
"3424047";"268";"10118";"2013-02-03T08:18:04";"mastercard";"5270 8348 1930 1767"
"3424048";"786";"10016";"2013-02-17T12:39:22";"maestro";"6761 9230 4917 8659"
"3424049";"684";"10154";"2013-02-11T02:37:23";"visa";"4436 8217 7718 3125"
"3424050";"268";"10206";"2013-02-08T01:09:56";"visa";"4720 3240 0167 8775"
"3424051";"995";"10295";"2013-02-18T06:28:26";"instapayment";"6383 8115 1397 4398"
"3424052";"545";"10335";"2013-02-19T07:50:49";"visa";"4489 7205 9209 5215"
"3424053";"513";"10195";"2013-02-09T06:52:26";"visa";"4942 9399 5804 4168"
"3424054";"839";"10016";"2013-02-20T08:12:18";"visaelectron";"4026 6733 4868 4081"
"3424055";"204";"10020";"2013-02-19T01:13:06";"mastercard";"5496 4642 5355 4966"
"3424056";"13";"10056";"2013-02-09T04:24:20";"mastercard";"5486 6340 6481 4955"
"3424057";"735";"10185";"2013-02-02T10:05:12";"visaelectron";"4917 2210 1003 3930"
"3424058";"197";"10017";"2013-02-24T11:11:47";"mastercard";"5273 3986 4965 1111"
"3424059";"248";"10228";"2013-02-03T10:33:02";"mastercard";"5526 2058 3660 9452"
"3424060";"544";"10186";"2013-02-01T11:25:29";"visa";"4434 9253 0943 4278"
"3424061";"50";"10178";"2013-02-09T08:00:46";"mastercard";"5490 6594 6733 6458"
"3424062";"242";"10145";"2013-02-08T05:14:18";"instapayment";"6370 6168 4488 6905"
"3424063";"927";"10227";"2013-02-22T07:54:03";"visaelectron";"4917 3907 4723 0109"
"3424064";"269";"10319";"2013-02-23T04:28:34";"amex";"3749 2574 7380 273"
"3424065";"173";"10012";"2013-02-19T06:39:24";"instapayment";"6392 2716 6669 8030"
"3424066";"103";"10300";"2013-02-08T02:20:06";"visa";"4288 0907 0295 8857"
"3424067";"761";"10164";"2013-02-24T07:13:40";"mastercard";"5371 6946 4903 5276"
"3424068";"749";"10291";"2013-02-21T10:09:46";"instapayment";"6397 4780 3800 3428"
"3424069";"326";"10001";"2013-02-15T10:16:02";"instapayment";"6377 8100 7203 8197"
"3424070";"991";"10249";"2013-02-13T10:06:26";"mastercard";"5149 5637 8763 4201"
"3424071";"692";"10018";"2013-02-03T03:31:44";"visa";"4892 1287 9945 3990"
"3424072";"741";"10097";"2013-02-01T06:36:05";"visa";"4984 6076 7404 2795"
"3424073";"814";"10039";"2013-02-20T09:33:56";"visa";"4433 1940 1842 6726"
"3424074";"722";"10071";"2013-02-16T08:03:43";"visaelectron";"4508 6845 6479 7231"
"3424075";"840";"10207";"2013-02-04T05:07:16";"maestro";"5020 9674 1872 6746"
"3424076";"483";"10091";"2013-02-23T03:58:18";"visaelectron";"4175 0098 5513 5689"
"3424077";"928";"10254";"2013-02-13T04:07:06";"visaelectron";"4508 9851 4026 9169"
"3424078";"936";"10180";"2013-02-17T11:30:44";"mastercard";"5522 9657 0150 3676"
"3424079";"176";"10136";"2013-02-20T09:59:05";"mastercard";"5373 8270 7627 1604"
"3424080";"175";"10027";"2013-02-11T04:15:18";"visaelectron";"4175 0017 2963 5812"
"3424081";"661";"10176";"2013-02-13T09:33:58";"maestro";"5893 0118 5855 7867"
"3424082";"325";"10114";"2013-02-06T12:15:20";"maestro";"5038 3853 8946 4801"
"3424083";"217";"10295";"2013-02-19T06:28:06";"mastercard";"5101 8414 2382 4451"
"3424084";"588";"10191";"2013-02-18T08:05:09";"visaelectron";"4026 5718 6391 8860"
"3424085";"970";"10086";"2013-02-12T02:29:33";"maestro";"6763 9453 6349 5342"
"3424086";"417";"10209";"2013-02-13T10:48:10";"visa";"4413 7448 1952 7926"
"3424087";"111";"10223";"2013-02-08T01:25:39";"instapayment";"6393 7188 1319 4957"
"3424088";"982";"10215";"2013-02-17T11:03:28";"instapayment";"6390 5655 4499 9961"
"3424089";"594";"10279";"2013-02-20T08:42:00";"maestro";"6762 8371 4797 0966"
"3424090";"722";"10237";"2013-02-18T11:20:19";"amex";"3742 7210 6875 316"
"3424091";"728";"10197";"2013-02-14T10:30:41";"amex";"3448 3091 0449 953"
"3424092";"736";"10028";"2013-02-26T06:24:39";"amex";"3452 8353 2817 752"
"3424093";"633";"10325";"2013-02-21T02:40:31";"visaelectron";"4917 0085 1439 6495"
"3424094";"281";"10046";"2013-02-23T11:35:48";"instapayment";"6372 1960 7386 3766"
"3424095";"619";"10205";"2013-02-26T08:20:47";"instapayment";"6398 4563 0124 4217"
"3424096";"388";"10133";"2013-02-22T01:12:31";"visaelectron";"4026 1244 8003 8595"
"3424097";"406";"10203";"2013-02-20T06:46:09";"instapayment";"6398 9309 9340 3802"
"3424098";"923";"10273";"2013-02-14T12:03:23";"maestro";"6761 0698 8892 6855"
"3424099";"943";"10035";"2013-02-23T04:41:03";"visaelectron";"4175 0089 8104 4781"
"3424100";"8";"10213";"2013-02-07T01:21:36";"maestro";"5020 3657 2082 6009"
"3424101";"306";"10318";"2013-02-08T11:50:35";"visaelectron";"4026 8499 6006 9203"
"3424102";"795";"10293";"2013-02-14T02:25:48";"maestro";"5020 7309 0785 9984"
"3424103";"759";"10169";"2013-02-01T01:11:50";"mastercard";"5457 3028 1190 3258"
"3424104";"68";"10107";"2013-02-18T06:36:46";"maestro";"6762 9678 8434 2325"
"3424105";"658";"10321";"2013-02-26T03:46:59";"visa";"4220 2739 1280 9067"
"3424106";"933";"10088";"2013-02-12T04:57:18";"amex";"3466 3068 5737 543"
"3424107";"247";"10108";"2013-02-25T03:16:11";"mastercard";"5348 1033 4989 7407"
"3424108";"244";"10231";"2013-02-23T10:31:08";"visaelectron";"4917 1486 9635 7962"
"3424109";"798";"10256";"2013-02-04T02:17:01";"amex";"3447 9739 1747 835"
"3424110";"960";"10177";"2013-02-16T09:29:30";"visa";"4514 8307 6399 2261"
"3424111";"775";"10340";"2013-02-26T04:16:36";"instapayment";"6385 9233 7539 9099"
"3424112";"828";"10025";"2013-02-05T07:40:08";"mastercard";"5139 3837 4372 2186"
"3424113";"880";"10253";"2013-02-14T01:59:31";"instapayment";"6378 9991 1701 1498"
"3424114";"191";"10185";"2013-02-21T05:46:10";"visaelectron";"4508 5126 3578 8899"
"3424115";"881";"10169";"2013-02-04T05:45:41";"instapayment";"6392 3604 1545 0981"
"3424116";"664";"10124";"2013-02-15T06:21:49";"visa";"4820 9855 4323 5651"
"3424117";"138";"10024";"2013-02-16T08:43:31";"visaelectron";"4913 2134 4849 7732"
"3424118";"701";"10178";"2013-02-04T05:22:04";"mastercard";"5103 3275 2010 7915"
"3424119";"559";"10248";"2013-02-05T04:06:20";"instapayment";"6384 3602 5807 8485"
"3424120";"796";"10333";"2013-02-14T12:22:50";"visa";"4969 0805 3632 4612"
"3424121";"592";"10167";"2013-02-27T02:05:13";"maestro";"6762 7548 7748 9184"
"3424122";"160";"10255";"2013-02-09T10:28:29";"visaelectron";"4917 2740 6145 4836"
"3424123";"450";"10116";"2013-02-01T05:53:52";"maestro";"6761 3126 1180 2740"
"3424124";"253";"10328";"2013-02-18T05:46:18";"maestro";"6304 6464 9776 3193"
"3424125";"450";"10026";"2013-02-02T01:16:28";"mastercard";"5125 8248 8624 3577"
"3424126";"474";"10243";"2013-02-02T04:02:10";"visaelectron";"4508 2233 4777 6335"
"3424127";"810";"10097";"2013-02-22T05:40:20";"mastercard";"5511 8013 8678 6794"
"3424128";"630";"10251";"2013-02-13T08:04:53";"instapayment";"6388 1728 4605 0223"
"3424129";"664";"10285";"2013-02-24T09:41:38";"visaelectron";"4175 0078 6763 8765"
"3424130";"557";"10077";"2013-02-20T04:46:06";"visaelectron";"4913 5205 1818 2238"
"3424131";"367";"10149";"2013-02-12T09:10:57";"amex";"3434 2234 1365 973"
"3424132";"421";"10231";"2013-02-25T06:19:47";"instapayment";"6383 5760 4001 5649"
"3424133";"419";"10285";"2013-02-19T10:36:40";"instapayment";"6372 1761 4673 4962"
"3424134";"752";"10076";"2013-02-08T09:41:27";"visa";"4829 3094 0266 2742"
"3424135";"414";"10281";"2013-02-08T01:02:39";"instapayment";"6383 9607 8198 2896"
"3424136";"248";"10035";"2013-02-22T03:21:19";"maestro";"5018 5096 9450 8044"
"3424137";"504";"10166";"2013-02-20T05:28:08";"amex";"3780 7717 0066 510"
"3424138";"732";"10123";"2013-02-23T03:32:25";"mastercard";"5119 4821 3669 3121"
"3424139";"779";"10216";"2013-02-26T12:35:24";"visa";"4880 0417 8581 5243"
"3424140";"433";"10156";"2013-02-04T12:35:26";"visa";"4949 5722 8756 3666"
"3424141";"831";"10126";"2013-02-05T10:58:18";"mastercard";"5105 7468 0374 8111"
"3424142";"912";"10284";"2013-02-25T07:28:27";"mastercard";"5539 3312 6620 5515"
"3424143";"516";"10281";"2013-02-19T05:45:53";"mastercard";"5412 7250 8593 9075"
"3424144";"580";"10104";"2013-02-01T09:18:50";"visa";"4524 3207 1960 9969"
"3424145";"581";"10041";"2013-02-15T02:14:43";"mastercard";"5122 3676 0216 8523"
"3424146";"684";"10303";"2013-02-02T09:53:11";"visa";"4484 8580 5780 7487"
"3424147";"429";"10336";"2013-02-04T12:08:29";"amex";"3498 3991 7048 374"
"3424148";"101";"10302";"2013-02-10T04:04:58";"visaelectron";"4026 2605 8168 0503"
"3424149";"702";"10339";"2013-02-16T06:03:37";"mastercard";"5356 1961 1732 4694"
"3424150";"17";"10335";"2013-02-13T12:51:00";"visa";"4308 7812 3594 1990"
"3424151";"811";"10283";"2013-02-13T06:13:05";"mastercard";"5257 6566 0017 3544"
"3424152";"838";"10009";"2013-02-10T06:38:05";"amex";"3477 7290 0695 194"
"3424153";"780";"10174";"2013-02-14T12:48:17";"maestro";"6761 1991 1552 5798"
"3424154";"229";"10165";"2013-02-20T10:06:59";"visa";"4715 0865 6171 0598"
"3424155";"987";"10218";"2013-02-26T09:25:52";"mastercard";"5365 7008 0502 7698"
"3424156";"253";"10310";"2013-02-13T07:54:31";"amex";"3735 2318 3147 024"
"3424157";"481";"10300";"2013-02-21T11:29:47";"maestro";"5018 2462 0353 1627"
"3424158";"985";"10173";"2013-02-08T01:47:42";"visaelectron";"4844 5513 3369 7682"
"3424159";"540";"10067";"2013-02-11T01:57:51";"maestro";"6759 7016 7087 0172"
"3424160";"802";"10218";"2013-02-16T12:58:21";"instapayment";"6393 5460 9109 3942"
"3424161";"86";"10175";"2013-02-12T04:29:46";"visaelectron";"4913 4184 9776 0415"
"3424162";"807";"10043";"2013-02-20T09:35:49";"amex";"3706 8791 0575 113"
"3424163";"334";"10101";"2013-02-02T11:27:45";"amex";"3470 8717 6624 848"
"3424164";"474";"10341";"2013-02-13T02:33:41";"maestro";"6763 9547 1028 7592"
"3424165";"840";"10047";"2013-02-19T09:52:52";"instapayment";"6394 5773 5899 8522"
"3424166";"666";"10064";"2013-02-24T06:45:10";"visaelectron";"4175 0078 9749 5376"
"3424167";"684";"10261";"2013-02-12T12:39:23";"visaelectron";"4844 3842 4329 0186"
"3424168";"631";"10252";"2013-02-18T11:41:59";"visaelectron";"4026 9004 1003 3057"
"3424169";"103";"10190";"2013-02-11T04:48:36";"mastercard";"5490 3015 9810 5227"
"3424170";"439";"10155";"2013-02-13T02:30:01";"amex";"3458 0407 7561 701"
"3424171";"303";"10186";"2013-02-24T03:12:49";"mastercard";"5429 2238 9739 3815"
"3424172";"603";"10328";"2013-02-25T08:14:40";"visa";"4091 9413 1948 6962"
"3424173";"550";"10114";"2013-02-04T07:30:04";"maestro";"5018 2252 0601 9442"
"3424174";"300";"10221";"2013-02-18T12:50:10";"mastercard";"5231 8765 1276 2199"
"3424175";"875";"10176";"2013-02-07T06:02:28";"amex";"3475 6548 4121 524"
"3424176";"689";"10328";"2013-02-25T12:10:00";"instapayment";"6391 5475 4782 0369"
"3424177";"902";"10302";"2013-02-15T11:00:06";"mastercard";"5314 7134 0870 9739"
"3424178";"323";"10296";"2013-02-20T02:25:56";"amex";"3494 0133 6024 344"
"3424179";"378";"10242";"2013-02-16T03:13:08";"mastercard";"5556 1450 8689 6883"
"3424180";"515";"10038";"2013-02-13T11:40:48";"visaelectron";"4913 9257 1203 2834"
"3424181";"930";"10343";"2013-02-09T10:11:58";"amex";"3770 0659 7546 243"
"3424182";"876";"10070";"2013-02-09T03:58:35";"visa";"4530 1984 2289 1013"
"3424183";"512";"10100";"2013-02-12T05:01:01";"visa";"4135 0150 6906 4283"
"3424184";"896";"10051";"2013-02-10T12:58:03";"instapayment";"6373 9820 7403 3270"
"3424185";"710";"10038";"2013-02-06T07:57:13";"instapayment";"6395 3049 3736 4970"
"3424186";"578";"10282";"2013-02-21T03:50:29";"visa";"4170 4725 7922 4715"
"3424187";"850";"10256";"2013-02-19T11:37:17";"maestro";"5018 8008 3895 2978"
"3424188";"662";"10113";"2013-02-10T03:21:30";"amex";"3430 0485 5013 718"
"3424189";"386";"10330";"2013-02-09T10:14:48";"maestro";"6762 3544 2578 7518"
"3424190";"889";"10114";"2013-02-12T05:52:00";"maestro";"5018 0730 5901 1425"
"3424191";"580";"10177";"2013-02-14T04:09:32";"mastercard";"5262 7343 7845 1898"
"3424192";"91";"10280";"2013-02-15T12:33:50";"visaelectron";"4508 7504 9679 0915"
"3424193";"912";"10306";"2013-02-10T05:38:40";"instapayment";"6384 0443 5147 0811"
"3424194";"632";"10297";"2013-02-18T06:33:40";"visa";"4920 7106 4102 9163"
"3424195";"931";"10208";"2013-02-21T05:41:40";"visa";"4864 6150 2558 9377"
"3424196";"891";"10064";"2013-02-19T03:41:59";"visa";"4386 1887 6801 9910"
"3424197";"523";"10251";"2013-02-17T12:59:34";"instapayment";"6371 7291 1829 7771"
"3424198";"983";"10257";"2013-02-02T03:47:05";"visaelectron";"4844 5430 5808 7520"
"3424199";"681";"10239";"2013-02-26T08:01:26";"maestro";"5020 5614 8029 9979"
"3424200";"919";"10266";"2013-02-27T03:28:25";"amex";"3405 2821 7545 259"
"3424201";"909";"10182";"2013-02-23T04:48:29";"instapayment";"6372 4507 1675 3714"
"3424202";"754";"10234";"2013-02-11T11:22:16";"amex";"3463 9197 1715 798"
"3424203";"320";"10190";"2013-02-18T12:51:42";"maestro";"6759 0727 0306 7107"
"3424204";"27";"10047";"2013-02-20T04:55:48";"mastercard";"5306 7592 1725 3781"
"3424205";"352";"10149";"2013-02-18T10:05:23";"visa";"4337 9118 3392 5583"
"3424206";"994";"10046";"2013-02-02T07:30:34";"amex";"3462 0346 3474 844"
"3424207";"768";"10080";"2013-02-20T05:20:42";"visa";"4145 5466 7033 7732"
"3424208";"744";"10082";"2013-02-19T03:12:34";"amex";"3460 9765 4216 885"
"3424209";"289";"10322";"2013-02-13T10:45:59";"visaelectron";"4175 0086 1880 6867"
"3424210";"231";"10337";"2013-02-24T01:09:37";"visaelectron";"4026 3007 0181 9993"
"3424211";"733";"10342";"2013-02-26T04:44:13";"mastercard";"5317 6789 3612 4395"
"3424212";"718";"10299";"2013-02-15T03:30:07";"amex";"3430 0549 1602 889"
"3424213";"65";"10320";"2013-02-15T08:18:46";"visa";"4372 2752 0185 9840"
"3424214";"886";"10274";"2013-02-16T07:57:02";"amex";"3778 7493 0563 559"
"3424215";"90";"10331";"2013-02-15T03:14:56";"visaelectron";"4844 6428 6450 8388"
"3424216";"64";"10083";"2013-02-24T05:38:38";"instapayment";"6370 3641 1248 5023"
"3424217";"839";"10182";"2013-02-21T01:10:40";"visaelectron";"4026 5585 0706 4649"
"3424218";"686";"10140";"2013-02-07T03:21:00";"visa";"4582 4453 7432 7877"
"3424219";"885";"10084";"2013-02-02T04:53:33";"instapayment";"6380 4589 5458 8718"
"3424220";"76";"10140";"2013-02-06T09:01:18";"visaelectron";"4913 8760 1944 8423"
"3424221";"904";"10153";"2013-02-15T01:09:13";"mastercard";"5393 7613 8339 4385"
"3424222";"86";"10183";"2013-02-20T01:13:14";"maestro";"6761 7250 1842 3366"
"3424223";"838";"10270";"2013-02-25T12:07:32";"mastercard";"5580 0183 4325 8413"
"3424224";"963";"10032";"2013-02-27T12:26:37";"maestro";"6762 1397 9704 0798"
"3424225";"890";"10107";"2013-02-12T05:50:00";"amex";"3756 3746 8910 183"
"3424226";"50";"10110";"2013-02-05T09:50:22";"visa";"4523 5873 9573 4318"
"3424227";"435";"10332";"2013-02-11T01:21:43";"mastercard";"5381 1218 4167 6267"
"3424228";"549";"10250";"2013-02-05T10:32:46";"mastercard";"5449 5187 8034 5780"
"3424229";"605";"10172";"2013-02-20T05:06:11";"visa";"4649 4122 6001 7963"
"3424230";"700";"10251";"2013-02-13T04:59:55";"visaelectron";"4175 0025 9167 7106"
"3424231";"6";"10094";"2013-02-01T08:19:09";"visa";"4413 0355 5815 8217"
"3424232";"78";"10178";"2013-02-18T10:36:16";"instapayment";"6392 0761 9352 0791"
"3424233";"486";"10034";"2013-02-20T04:55:27";"maestro";"5020 1888 3495 5575"
"3424234";"664";"10183";"2013-02-10T07:54:21";"visaelectron";"4026 2458 1627 9106"
"3424235";"374";"10089";"2013-02-02T02:13:12";"visaelectron";"4917 6233 8853 9242"
"3424236";"599";"10309";"2013-02-13T10:20:13";"instapayment";"6380 4186 4679 8448"
"3424237";"920";"10079";"2013-02-11T09:58:29";"mastercard";"5317 6572 1260 7851"
"3424238";"147";"10214";"2013-02-12T08:28:54";"amex";"3406 2554 2395 614"
"3424239";"952";"10120";"2013-02-05T10:12:22";"instapayment";"6395 2359 9858 8802"
"3424240";"572";"10240";"2013-02-01T04:23:31";"maestro";"6761 7128 3064 3470"
"3424241";"894";"10255";"2013-02-05T09:35:38";"visaelectron";"4917 6216 2746 8017"
"3424242";"45";"10302";"2013-02-21T04:50:15";"visaelectron";"4844 8795 7641 0061"
"3424243";"393";"10225";"2013-02-15T11:14:18";"visaelectron";"4175 0020 1014 5453"
"3424244";"624";"10255";"2013-02-25T09:15:21";"visa";"4783 4059 8938 0379"
"3424245";"738";"10350";"2013-02-07T05:08:01";"maestro";"5038 2799 6415 4947"
"3424246";"658";"10223";"2013-02-06T12:32:01";"maestro";"5038 9440 4777 2771"
"3424247";"171";"10247";"2013-02-07T04:37:28";"instapayment";"6375 8733 1404 1645"
"3424248";"652";"10347";"2013-02-23T04:44:07";"visaelectron";"4026 3831 8290 2603"
"3424249";"941";"10201";"2013-02-25T04:33:20";"maestro";"6759 6588 2062 0172"
"3424250";"772";"10306";"2013-02-03T07:06:46";"visa";"4104 8457 1321 2533"
"3424251";"684";"10241";"2013-02-04T03:29:20";"maestro";"5020 2640 0141 9859"
"3424252";"665";"10062";"2013-02-03T01:51:09";"mastercard";"5193 5222 3156 1696"
"3424253";"268";"10183";"2013-02-11T12:57:08";"maestro";"6761 8662 0721 3372"
"3424254";"199";"10045";"2013-02-04T02:35:25";"instapayment";"6391 9050 0968 4451"
"3424255";"770";"10201";"2013-02-22T05:56:25";"maestro";"6304 2389 7319 5437"
"3424256";"84";"10233";"2013-02-23T09:20:00";"visaelectron";"4026 5325 8823 2698"
"3424257";"684";"10337";"2013-02-25T01:28:18";"amex";"3456 8634 6439 235"
"3424258";"43";"10062";"2013-02-12T03:43:12";"amex";"3402 9199 5954 348"
"3424259";"716";"10111";"2013-02-10T06:34:25";"instapayment";"6370 9798 2606 1545"
"3424260";"373";"10330";"2013-02-16T09:56:59";"visaelectron";"4917 2947 1497 2562"
"3424261";"813";"10049";"2013-02-06T01:22:01";"mastercard";"5556 9122 5244 3901"
"3424262";"266";"10338";"2013-02-14T06:16:03";"maestro";"6763 0678 7897 7845"
"3424263";"158";"10035";"2013-02-19T01:56:35";"instapayment";"6375 8495 7924 2474"
"3424264";"235";"10035";"2013-02-20T11:33:28";"maestro";"6759 1873 4804 1331"
"3424265";"915";"10325";"2013-02-20T03:31:55";"instapayment";"6387 0504 8356 4295"
"3424266";"349";"10006";"2013-02-06T11:20:05";"mastercard";"5117 6070 4786 5424"
"3424267";"456";"10015";"2013-02-01T06:25:28";"maestro";"6304 2622 4941 9058"
"3424268";"747";"10002";"2013-02-23T02:34:32";"visa";"4110 3980 8191 4738"
"3424269";"633";"10243";"2013-02-03T01:16:46";"mastercard";"5311 2138 9461 8851"
"3424270";"85";"10226";"2013-02-09T12:29:23";"visa";"4663 9183 3820 5548"
"3424271";"432";"10021";"2013-02-13T03:27:31";"visa";"4025 1585 4716 5588"
"3424272";"143";"10054";"2013-02-01T10:31:35";"visa";"4995 7317 8520 7118"
"3424273";"991";"10294";"2013-02-10T10:38:35";"visaelectron";"4508 1220 6605 6657"
"3424274";"823";"10171";"2013-02-08T02:52:30";"mastercard";"5314 8405 4627 9919"
"3424275";"556";"10251";"2013-02-10T09:47:05";"instapayment";"6387 0086 3913 5550"
"3424276";"153";"10140";"2013-02-21T10:26:21";"mastercard";"5597 8682 6445 9841"
"3424277";"376";"10187";"2013-02-22T06:06:44";"visa";"4176 1059 6142 8601"
"3424278";"706";"10101";"2013-02-26T10:21:42";"amex";"3791 0676 8358 739"
"3424279";"978";"10091";"2013-02-13T01:18:39";"mastercard";"5205 4171 2825 0865"
"3424280";"89";"10006";"2013-02-27T04:55:26";"visaelectron";"4913 3128 7669 8652"
"3424281";"504";"10137";"2013-02-18T02:22:26";"visaelectron";"4913 5839 0798 4390"
"3424282";"704";"10323";"2013-02-02T06:59:45";"amex";"3426 4985 4360 147"
"3424283";"989";"10076";"2013-02-07T12:33:49";"amex";"3422 0434 0578 603"
"3424284";"90";"10278";"2013-02-03T08:08:18";"mastercard";"5433 9115 1741 7154"
"3424285";"599";"10042";"2013-02-25T07:09:43";"visa";"4084 6997 8453 5312"
"3424286";"491";"10016";"2013-02-21T10:40:18";"mastercard";"5225 5236 0126 2545"
"3424287";"783";"10062";"2013-02-23T08:36:21";"maestro";"5020 0818 7170 5971"
"3424288";"206";"10047";"2013-02-18T07:33:51";"instapayment";"6381 4700 5314 4474"
"3424289";"277";"10156";"2013-02-20T09:33:35";"maestro";"6761 5453 1704 7108"
"3424290";"468";"10338";"2013-02-02T04:26:35";"maestro";"6762 1082 1152 5874"
"3424291";"651";"10242";"2013-02-17T01:20:39";"visaelectron";"4175 0044 7770 5514"
"3424292";"252";"10126";"2013-02-05T05:54:35";"visa";"4292 8953 9235 5022"
"3424293";"872";"10262";"2013-02-23T11:39:34";"mastercard";"5365 5956 6787 0866"
"3424294";"490";"10164";"2013-02-27T03:31:13";"visaelectron";"4913 5061 5815 3480"
"3424295";"938";"10133";"2013-02-13T10:44:21";"maestro";"5038 8550 3454 9503"
"3424296";"598";"10236";"2013-02-24T10:11:25";"visaelectron";"4913 9479 1100 8498"
"3424297";"197";"10094";"2013-02-15T11:48:59";"visa";"4757 7686 7633 4195"
"3424298";"87";"10294";"2013-02-24T08:47:13";"amex";"3726 8287 8568 620"
"3424299";"411";"10255";"2013-02-02T12:02:30";"amex";"3439 1801 3166 573"
"3424300";"336";"10169";"2013-02-09T08:05:04";"visaelectron";"4175 0089 9632 8732"
"3424301";"964";"10304";"2013-02-04T10:17:38";"mastercard";"5479 5717 0872 2302"
"3424302";"228";"10089";"2013-02-13T06:17:03";"maestro";"6759 2459 9272 2711"
"3424303";"866";"10042";"2013-02-02T11:31:11";"visaelectron";"4917 0253 7886 6918"
"3424304";"478";"10020";"2013-02-25T08:21:37";"mastercard";"5208 7952 2965 1124"
"3424305";"376";"10204";"2013-02-13T03:04:02";"maestro";"6304 8829 8071 7277"
"3424306";"946";"10086";"2013-02-25T10:39:05";"instapayment";"6381 3620 8543 4959"
"3424307";"124";"10021";"2013-02-10T02:16:04";"visaelectron";"4844 4662 9010 3436"
"3424308";"135";"10253";"2013-02-02T04:12:29";"visa";"4274 7188 6410 7204"
"3424309";"601";"10193";"2013-02-23T11:51:32";"amex";"3769 8924 8581 134"
"3424310";"362";"10344";"2013-02-20T08:56:31";"maestro";"6759 3248 4034 3929"
"3424311";"744";"10255";"2013-02-25T02:33:29";"visa";"4327 3413 9860 4898"
"3424312";"831";"10007";"2013-02-22T01:47:30";"amex";"3471 5086 3208 067"
"3424313";"144";"10011";"2013-02-15T02:44:22";"instapayment";"6378 5649 6208 4402"
"3424314";"898";"10173";"2013-02-27T12:59:00";"visaelectron";"4917 4489 4761 8893"
"3424315";"98";"10078";"2013-02-03T08:42:22";"mastercard";"5438 8236 7052 8179"
"3424316";"395";"10213";"2013-02-07T05:01:11";"maestro";"6759 8990 0618 0587"
"3424317";"324";"10193";"2013-02-27T10:45:00";"mastercard";"5342 3833 1455 5984"
"3424318";"760";"10070";"2013-02-23T06:37:53";"amex";"3493 0924 0899 265"
"3424319";"642";"10071";"2013-02-13T11:54:32";"visaelectron";"4175 0005 1020 4754"
"3424320";"94";"10262";"2013-02-27T03:48:48";"maestro";"5038 1727 6453 3776"
"3424321";"379";"10165";"2013-02-04T09:51:27";"visa";"4101 4493 0952 2018"
"3424322";"960";"10085";"2013-02-01T12:42:10";"instapayment";"6388 9818 7913 9707"
"3424323";"521";"10256";"2013-02-08T08:20:59";"visa";"4711 5436 5704 3833"
"3424324";"940";"10254";"2013-02-15T09:36:03";"visa";"4677 2513 4553 9822"
"3424325";"909";"10160";"2013-02-07T01:21:53";"maestro";"5020 5845 6089 3388"
"3424326";"451";"10182";"2013-02-15T09:43:21";"instapayment";"6387 4732 5126 4221"
"3424327";"859";"10197";"2013-02-22T05:15:31";"mastercard";"5427 0718 3830 9370"
"3424328";"350";"10186";"2013-02-25T01:23:58";"visa";"4549 7059 4165 1089"
"3424329";"663";"10226";"2013-02-22T09:34:23";"mastercard";"5107 2751 6218 9913"
"3424330";"161";"10170";"2013-02-14T11:08:11";"visaelectron";"4844 2199 8494 7471"
"3424331";"343";"10073";"2013-02-08T12:04:53";"visaelectron";"4844 0260 1941 6624"
"3424332";"570";"10210";"2013-02-20T06:40:53";"instapayment";"6382 7859 2449 7564"
"3424333";"890";"10178";"2013-02-15T09:51:01";"amex";"3740 4280 5760 808"
"3424334";"984";"10018";"2013-02-23T11:41:00";"mastercard";"5318 6930 4999 1563"
"3424335";"976";"10148";"2013-02-02T02:34:42";"visaelectron";"4844 7904 8345 0761"
"3424336";"555";"10178";"2013-02-10T11:23:21";"visaelectron";"4508 2761 0867 5088"
"3424337";"773";"10250";"2013-02-15T08:25:54";"instapayment";"6377 8838 7768 4168"
"3424338";"31";"10055";"2013-02-10T02:43:42";"amex";"3765 3428 2998 487"
"3424339";"112";"10017";"2013-02-17T10:01:57";"visaelectron";"4844 0848 5838 4080"
"3424340";"225";"10311";"2013-02-11T09:37:31";"visaelectron";"4026 3169 8173 4116"
"3424341";"645";"10165";"2013-02-24T10:38:50";"mastercard";"5470 6811 6656 7880"
"3424342";"676";"10296";"2013-02-01T03:21:13";"visa";"4323 4515 1327 5575"
"3424343";"111";"10111";"2013-02-14T02:13:34";"amex";"3415 3079 8816 322"
"3424344";"269";"10330";"2013-02-18T02:52:50";"visaelectron";"4508 7373 9901 0152"
"3424345";"8";"10053";"2013-02-17T12:47:13";"instapayment";"6389 4332 5680 3058"
"3424346";"231";"10332";"2013-02-18T10:40:46";"instapayment";"6384 2293 2330 4202"
"3424347";"274";"10010";"2013-02-14T09:00:46";"maestro";"5038 3796 0451 5265"
"3424348";"923";"10127";"2013-02-21T11:18:33";"visa";"4678 1413 6191 4810"
"3424349";"574";"10062";"2013-02-10T03:59:30";"visaelectron";"4508 5351 8269 2073"
"3424350";"255";"10240";"2013-02-22T02:33:32";"maestro";"6762 2017 1484 0773"
"3424351";"873";"10089";"2013-02-20T04:28:38";"amex";"3773 8153 6382 111"
"3424352";"415";"10184";"2013-02-16T05:22:23";"amex";"3457 0274 8317 174"
"3424353";"832";"10176";"2013-02-24T04:59:39";"maestro";"6759 9541 4696 1634"
"3424354";"839";"10272";"2013-02-14T01:57:25";"mastercard";"5204 9702 3169 6060"
"3424355";"425";"10150";"2013-02-16T06:13:55";"visa";"4224 2199 1504 8795"
"3424356";"965";"10072";"2013-02-13T04:45:09";"amex";"3794 4054 8274 308"
"3424357";"858";"10045";"2013-02-08T05:27:00";"mastercard";"5529 2573 3834 5272"
"3424358";"398";"10307";"2013-02-18T01:28:54";"instapayment";"6373 4723 0687 5649"
"3424359";"546";"10006";"2013-02-01T12:32:34";"amex";"3720 7155 9154 936"
"3424360";"562";"10098";"2013-02-15T11:30:54";"visa";"4722 2207 4825 8236"
"3424361";"377";"10177";"2013-02-07T01:14:09";"amex";"3489 1952 7901 252"
"3424362";"766";"10158";"2013-02-01T01:47:15";"mastercard";"5379 8207 3114 4351"
"3424363";"23";"10045";"2013-02-04T10:41:47";"mastercard";"5402 5602 4831 1264"
"3424364";"905";"10032";"2013-02-26T07:14:04";"amex";"3422 1311 6827 722"
"3424365";"302";"10265";"2013-02-05T02:35:01";"visa";"4320 1560 4030 4730"
"3424366";"665";"10141";"2013-02-23T08:36:41";"maestro";"6759 2539 0774 3103"
"3424367";"950";"10246";"2013-02-21T02:00:24";"amex";"3733 5010 8297 191"
"3424368";"214";"10166";"2013-02-22T05:33:18";"visaelectron";"4508 1617 0436 2507"
"3424369";"248";"10026";"2013-02-02T08:17:04";"amex";"3785 0892 8211 420"
"3424370";"825";"10002";"2013-02-25T01:22:44";"amex";"3401 0113 3646 146"
"3424371";"52";"10073";"2013-02-08T11:54:29";"mastercard";"5271 4917 3431 0842"
"3424372";"801";"10207";"2013-02-18T02:41:51";"visaelectron";"4175 0009 2773 7974"
"3424373";"750";"10265";"2013-02-05T06:14:01";"visaelectron";"4026 2974 8424 8574"
"3424374";"325";"10017";"2013-02-26T07:18:02";"instapayment";"6383 0360 7286 9801"
"3424375";"539";"10341";"2013-02-10T09:50:06";"mastercard";"5585 2999 8087 2097"
"3424376";"628";"10036";"2013-02-24T10:11:48";"maestro";"5038 3098 9611 5680"
"3424377";"181";"10229";"2013-02-03T02:18:21";"mastercard";"5584 5878 9199 4518"
"3424378";"942";"10067";"2013-02-19T03:08:31";"amex";"3744 3141 3689 733"
"3424379";"147";"10183";"2013-02-07T02:18:36";"visa";"4102 4034 1615 9882"
"3424380";"222";"10120";"2013-02-02T04:52:57";"maestro";"5038 9181 0075 5055"
"3424381";"597";"10028";"2013-02-15T04:27:29";"visa";"4074 1913 5942 6822"
"3424382";"575";"10323";"2013-02-11T02:20:56";"visaelectron";"4175 0086 5958 6089"
"3424383";"177";"10210";"2013-02-21T12:18:53";"visaelectron";"4844 7481 9227 3163"
"3424384";"657";"10147";"2013-02-21T01:31:45";"maestro";"6763 4425 0565 4614"
"3424385";"22";"10149";"2013-02-21T10:05:48";"maestro";"5020 9054 0282 5934"
"3424386";"17";"10234";"2013-02-18T04:57:02";"instapayment";"6396 9523 3514 5778"
"3424387";"680";"10268";"2013-02-07T10:07:31";"amex";"3743 4968 6978 973"
"3424388";"534";"10197";"2013-02-07T01:43:06";"mastercard";"5142 4205 4817 9983"
"3424389";"871";"10349";"2013-02-15T04:30:19";"visa";"4483 0127 2734 5954"
"3424390";"661";"10319";"2013-02-07T07:18:30";"instapayment";"6379 8021 8655 6824"
"3424391";"147";"10240";"2013-02-16T04:32:50";"instapayment";"6370 3310 1419 5851"
"3424392";"97";"10004";"2013-02-20T11:04:17";"mastercard";"5518 5275 2947 2462"
"3424393";"547";"10307";"2013-02-05T08:14:27";"instapayment";"6387 6321 7762 3154"
"3424394";"916";"10128";"2013-02-26T02:19:33";"amex";"3715 6090 0857 107"
"3424395";"295";"10189";"2013-02-07T02:37:39";"maestro";"6763 2996 4450 6620"
"3424396";"955";"10115";"2013-02-26T10:21:32";"maestro";"5038 1050 7374 0856"
"3424397";"404";"10276";"2013-02-26T12:07:40";"visa";"4747 9020 6598 0010"
"3424398";"387";"10203";"2013-02-14T07:21:25";"mastercard";"5324 3486 7785 6305"
"3424399";"849";"10059";"2013-02-15T05:42:04";"mastercard";"5400 6047 2349 5234"
"3424400";"62";"10328";"2013-02-24T07:36:36";"instapayment";"6372 6362 7423 1834"
"3424401";"603";"10089";"2013-02-14T08:02:58";"visa";"4383 7428 6312 3630"
"3424402";"129";"10181";"2013-02-19T08:01:59";"instapayment";"6393 4003 6215 8036"
"3424403";"400";"10310";"2013-02-14T11:50:59";"amex";"3722 6395 1225 097"
"3424404";"874";"10065";"2013-02-01T12:40:15";"maestro";"5038 2438 4623 8302"
"3424405";"576";"10200";"2013-02-03T12:41:23";"instapayment";"6379 1514 1190 8750"
"3424406";"517";"10339";"2013-02-15T12:12:40";"visa";"4995 3335 6360 0463"
"3424407";"715";"10014";"2013-02-01T02:53:10";"mastercard";"5318 0643 2821 0168"
"3424408";"885";"10139";"2013-02-22T03:46:46";"instapayment";"6371 0475 9034 2571"
"3424409";"92";"10125";"2013-02-09T02:12:06";"instapayment";"6397 6435 3344 9638"
"3424410";"545";"10302";"2013-02-21T08:30:41";"mastercard";"5176 3501 7567 0559"
"3424411";"126";"10287";"2013-02-18T10:12:00";"maestro";"5893 9850 6978 7456"
"3424412";"942";"10183";"2013-02-27T12:18:47";"visaelectron";"4913 5134 0538 6954"
"3424413";"159";"10246";"2013-02-10T04:01:40";"instapayment";"6371 1827 9572 3554"
"3424414";"579";"10288";"2013-02-24T02:25:15";"visaelectron";"4026 5897 0729 7135"
"3424415";"827";"10286";"2013-02-15T05:59:11";"maestro";"6304 8655 5968 6999"
"3424416";"29";"10168";"2013-02-19T07:01:51";"instapayment";"6385 1222 8660 3547"
"3424417";"275";"10067";"2013-02-02T01:42:58";"amex";"3723 3665 8343 015"
"3424418";"899";"10189";"2013-02-27T01:44:55";"maestro";"5020 6010 6830 9541"
"3424419";"234";"10128";"2013-02-17T01:50:59";"mastercard";"5530 6956 9526 6556"
"3424420";"438";"10097";"2013-02-16T01:16:07";"instapayment";"6375 2647 5126 1328"
"3424421";"720";"10110";"2013-02-02T06:56:43";"visaelectron";"4917 0906 7206 9114"
"3424422";"556";"10273";"2013-02-01T05:43:11";"visa";"4159 3758 7773 6642"
"3424423";"738";"10255";"2013-02-20T02:52:55";"mastercard";"5582 6153 2893 9913"
"3424424";"515";"10156";"2013-02-06T04:29:41";"visaelectron";"4175 0047 5191 1770"
"3424425";"924";"10007";"2013-02-15T04:40:04";"amex";"3790 1459 9239 393"
"3424426";"348";"10052";"2013-02-17T08:14:25";"mastercard";"5507 6570 8224 0015"
"3424427";"481";"10191";"2013-02-15T06:53:45";"amex";"3446 6165 8982 578"
"3424428";"392";"10154";"2013-02-16T04:39:03";"amex";"3413 0265 1236 455"
"3424429";"124";"10167";"2013-02-04T12:53:11";"maestro";"5038 0029 6457 2201"
"3424430";"977";"10323";"2013-02-17T04:58:36";"maestro";"5893 6160 0802 3097"
"3424431";"13";"10063";"2013-02-18T05:51:15";"instapayment";"6370 7561 7112 2308"
"3424432";"385";"10013";"2013-02-01T11:26:19";"maestro";"6762 4995 4050 4023"
"3424433";"792";"10084";"2013-02-08T05:36:42";"maestro";"5020 7048 8682 8815"
"3424434";"686";"10170";"2013-02-19T07:48:42";"maestro";"6762 7497 9076 6023"
"3424435";"943";"10313";"2013-02-18T05:56:21";"amex";"3723 9052 1741 020"
"3424436";"993";"10293";"2013-02-14T08:36:03";"visa";"4693 6417 7705 1900"
"3424437";"609";"10152";"2013-02-09T05:31:53";"visaelectron";"4913 3156 5751 1663"
"3424438";"901";"10110";"2013-02-24T05:00:23";"amex";"3428 7480 6844 614"
"3424439";"959";"10322";"2013-02-07T11:27:24";"maestro";"5893 3416 2774 7691"
"3424440";"665";"10141";"2013-02-06T09:20:50";"maestro";"6759 3438 6905 0603"
"3424441";"919";"10221";"2013-02-03T03:40:46";"visaelectron";"4844 0347 5214 4049"
"3424442";"725";"10160";"2013-02-05T08:34:54";"maestro";"6761 2147 5063 7731"
"3424443";"799";"10326";"2013-02-13T02:22:44";"maestro";"5020 1962 7002 7270"
"3424444";"756";"10257";"2013-02-18T03:10:24";"visa";"4296 7944 8342 3219"
"3424445";"951";"10175";"2013-02-18T05:41:04";"mastercard";"5380 3508 4845 2551"
"3424446";"291";"10330";"2013-02-04T11:01:13";"amex";"3440 5096 9240 563"
"3424447";"82";"10157";"2013-02-19T04:33:37";"instapayment";"6374 7092 4077 6857"
"3424448";"365";"10348";"2013-02-16T10:17:08";"visaelectron";"4026 7609 5133 3740"
"3424449";"272";"10171";"2013-02-05T08:07:11";"instapayment";"6371 6865 7440 6306"
"3424450";"300";"10233";"2013-02-15T03:06:08";"maestro";"5038 8896 7017 4235"
"3424451";"65";"10052";"2013-02-14T04:39:14";"visa";"4425 7047 5071 5316"
"3424452";"959";"10258";"2013-02-13T06:16:07";"amex";"3414 2723 2048 507"
"3424453";"204";"10011";"2013-02-06T08:08:51";"instapayment";"6381 0627 5668 4284"
"3424454";"290";"10195";"2013-02-08T04:17:01";"visaelectron";"4175 0021 1993 1308"
"3424455";"731";"10067";"2013-02-05T03:09:08";"mastercard";"5583 0350 3636 3513"
"3424456";"983";"10026";"2013-02-25T04:25:23";"maestro";"6762 7856 5030 3382"
"3424457";"218";"10033";"2013-02-17T01:09:39";"mastercard";"5406 8230 0734 7226"
"3424458";"426";"10061";"2013-02-25T09:11:44";"visa";"4754 8184 2065 4951"
"3424459";"789";"10338";"2013-02-12T05:21:09";"visaelectron";"4917 5314 7192 2508"
"3424460";"856";"10172";"2013-02-21T06:18:36";"amex";"3712 8697 7750 989"
"3424461";"520";"10012";"2013-02-20T10:26:45";"instapayment";"6382 9809 7714 9218"
"3424462";"884";"10345";"2013-02-26T01:08:11";"amex";"3777 3259 7503 104"
"3424463";"467";"10311";"2013-02-02T10:33:39";"visaelectron";"4508 3230 3000 2765"
"3424464";"47";"10090";"2013-02-04T05:38:25";"mastercard";"5195 6657 5307 1608"
"3424465";"325";"10024";"2013-02-24T01:57:31";"amex";"3497 2556 6601 581"
"3424466";"102";"10337";"2013-02-27T12:50:08";"visa";"4414 0783 0783 0123"
"3424467";"207";"10062";"2013-02-12T06:00:11";"maestro";"5893 2963 5020 6309"
"3424468";"152";"10236";"2013-02-24T08:42:50";"visa";"4439 1314 6510 8146"
"3424469";"564";"10307";"2013-02-10T03:34:12";"visaelectron";"4026 3443 0158 8285"
"3424470";"471";"10115";"2013-02-27T04:01:15";"instapayment";"6384 4988 4143 1488"
"3424471";"624";"10250";"2013-02-27T11:35:45";"mastercard";"5324 0724 7898 5093"
"3424472";"150";"10202";"2013-02-05T09:57:21";"visa";"4339 6222 7088 4831"
"3424473";"999";"10025";"2013-02-23T01:12:45";"visaelectron";"4026 1229 3616 4759"
"3424474";"257";"10180";"2013-02-21T09:57:27";"amex";"3719 2348 8771 928"
"3424475";"345";"10140";"2013-02-14T05:51:07";"mastercard";"5442 3482 6005 8126"
"3424476";"252";"10284";"2013-02-24T05:54:31";"amex";"3454 3383 8367 412"
"3424477";"999";"10215";"2013-02-01T12:43:35";"visa";"4029 5077 9410 6800"
"3424478";"808";"10222";"2013-02-11T07:08:15";"instapayment";"6385 1163 6964 5326"
"3424479";"588";"10233";"2013-02-18T08:59:51";"maestro";"5038 4622 0475 8806"
"3424480";"36";"10228";"2013-02-16T08:56:13";"visa";"4391 8648 2399 6341"
"3424481";"451";"10131";"2013-02-18T10:38:07";"instapayment";"6375 3657 2121 4956"
"3424482";"340";"10049";"2013-02-21T08:21:45";"amex";"3438 6150 2812 887"
"3424483";"592";"10349";"2013-02-15T05:35:25";"maestro";"6304 9954 1106 1956"
"3424484";"780";"10126";"2013-02-11T11:22:30";"visa";"4851 3073 6719 9529"
"3424485";"556";"10150";"2013-02-04T09:38:55";"maestro";"5020 8175 2898 4695"
"3424486";"866";"10146";"2013-02-17T01:34:32";"visa";"4239 8535 3030 1123"
"3424487";"277";"10231";"2013-02-01T07:43:14";"maestro";"5018 6188 9716 6953"
"3424488";"180";"10122";"2013-02-12T09:49:30";"visaelectron";"4913 6839 6168 8521"
"3424489";"492";"10279";"2013-02-16T04:29:29";"maestro";"5893 1223 2070 4316"
"3424490";"56";"10148";"2013-02-24T09:00:55";"instapayment";"6383 2110 1373 9773"
"3424491";"718";"10347";"2013-02-12T12:35:33";"maestro";"6762 9104 9686 2223"
"3424492";"864";"10219";"2013-02-13T08:38:17";"instapayment";"6387 3754 6368 6952"
"3424493";"185";"10241";"2013-02-08T12:39:36";"maestro";"5893 6913 6541 0385"
"3424494";"78";"10246";"2013-02-09T05:45:16";"visaelectron";"4175 0025 4533 2980"
"3424495";"332";"10312";"2013-02-21T04:03:53";"maestro";"5020 8252 1155 4964"
"3424496";"400";"10189";"2013-02-09T07:41:46";"mastercard";"5493 3348 8096 2424"
"3424497";"670";"10175";"2013-02-25T10:34:54";"amex";"3726 8872 7561 070"
"3424498";"742";"10131";"2013-02-05T05:22:24";"visaelectron";"4508 0462 5528 1018"
"3424499";"855";"10163";"2013-02-14T06:39:53";"visa";"4217 0622 0474 4883"
"3424500";"695";"10336";"2013-02-13T08:24:52";"mastercard";"5444 3123 4387 1721"
"3424501";"794";"10035";"2013-02-01T12:21:32";"maestro";"6759 2375 7317 9742"
"3424502";"470";"10318";"2013-02-17T11:12:26";"mastercard";"5472 0240 9107 4425"
"3424503";"509";"10315";"2013-02-18T11:26:38";"instapayment";"6379 0325 5036 8933"
"3424504";"988";"10137";"2013-02-17T11:10:38";"maestro";"5020 7046 0828 2739"
"3424505";"232";"10054";"2013-02-27T10:14:19";"amex";"3792 9728 5890 567"
"3424506";"900";"10262";"2013-02-14T01:10:30";"visaelectron";"4913 8900 8266 8932"
"3424507";"934";"10342";"2013-02-23T02:04:42";"amex";"3749 4221 4474 489"
"3424508";"848";"10265";"2013-02-10T03:32:16";"amex";"3777 6503 4154 008"
"3424509";"66";"10180";"2013-02-17T11:47:50";"visa";"4862 6472 9975 5022"
"3424510";"203";"10070";"2013-02-18T02:08:32";"mastercard";"5136 9011 6869 6875"
"3424511";"786";"10321";"2013-02-24T05:59:40";"mastercard";"5172 3123 3770 5925"
"3424512";"854";"10247";"2013-02-18T12:17:45";"visaelectron";"4026 4669 1201 5729"
"3424513";"415";"10337";"2013-02-01T11:27:33";"visa";"4192 3237 5814 5896"
"3424514";"358";"10012";"2013-02-03T01:01:53";"visaelectron";"4026 9029 9843 3014"
"3424515";"82";"10140";"2013-02-15T04:18:47";"instapayment";"6375 0814 7391 2438"
"3424516";"885";"10273";"2013-02-01T01:08:06";"instapayment";"6392 6810 9317 5438"
"3424517";"850";"10277";"2013-02-15T11:41:20";"instapayment";"6390 7496 6496 8069"
"3424518";"998";"10272";"2013-02-11T11:04:29";"maestro";"6762 3790 5142 8798"
"3424519";"673";"10319";"2013-02-16T03:27:02";"visa";"4819 5593 0602 9164"
"3424520";"198";"10281";"2013-02-17T02:39:59";"mastercard";"5551 3007 8613 8129"
"3424521";"580";"10011";"2013-02-08T12:47:09";"mastercard";"5586 5781 3219 9205"
"3424522";"582";"10224";"2013-02-03T05:39:57";"instapayment";"6391 4077 8768 8101"
"3424523";"465";"10291";"2013-02-20T04:11:05";"maestro";"5038 9360 7541 3666"
"3424524";"713";"10083";"2013-02-17T09:19:56";"mastercard";"5528 8612 9732 7113"
"3424525";"654";"10111";"2013-02-09T05:36:11";"amex";"3719 0028 5563 575"
"3424526";"961";"10192";"2013-02-18T11:40:16";"instapayment";"6370 9639 7171 5758"
"3424527";"223";"10314";"2013-02-10T08:03:10";"instapayment";"6389 1284 2548 0669"
"3424528";"193";"10167";"2013-02-13T05:02:40";"mastercard";"5282 3653 4139 7417"
"3424529";"665";"10228";"2013-02-09T07:11:36";"instapayment";"6396 9976 9566 8042"
"3424530";"644";"10253";"2013-02-09T11:00:29";"visaelectron";"4026 0451 2297 5623"
"3424531";"105";"10325";"2013-02-17T11:27:11";"instapayment";"6383 3566 6072 4642"
"3424532";"225";"10078";"2013-02-19T02:19:43";"amex";"3482 0087 5709 054"
"3424533";"696";"10222";"2013-02-15T04:23:10";"maestro";"6762 3395 0504 8006"
"3424534";"300";"10267";"2013-02-11T04:12:07";"mastercard";"5146 1722 5859 3624"
"3424535";"263";"10340";"2013-02-06T01:00:34";"amex";"3419 2653 2895 301"
"3424536";"198";"10173";"2013-02-18T05:56:08";"instapayment";"6372 8358 9219 1368"
"3424537";"483";"10309";"2013-02-14T11:50:19";"visa";"4644 7470 3219 3260"
"3424538";"314";"10077";"2013-02-17T06:06:49";"maestro";"5893 5969 1699 7980"
"3424539";"141";"10088";"2013-02-25T01:53:05";"mastercard";"5121 6740 2140 3550"
"3424540";"696";"10312";"2013-02-13T04:40:46";"amex";"3733 8392 8086 593"
"3424541";"58";"10232";"2013-02-09T03:30:35";"mastercard";"5166 6236 9428 2276"
"3424542";"433";"10021";"2013-02-02T07:21:53";"visaelectron";"4844 3496 4402 6067"
"3424543";"322";"10205";"2013-02-12T05:31:29";"maestro";"5020 3752 5960 3471"
"3424544";"977";"10041";"2013-02-27T04:19:28";"visa";"4092 4830 9746 3920"
"3424545";"338";"10016";"2013-02-20T04:13:36";"amex";"3498 8483 0938 756"
"3424546";"812";"10194";"2013-02-03T02:43:47";"visa";"4570 5759 6688 4143"
"3424547";"50";"10040";"2013-02-21T02:26:49";"instapayment";"6378 6963 9241 0599"
"3424548";"469";"10343";"2013-02-18T09:01:44";"amex";"3479 9063 1966 706"
"3424549";"408";"10016";"2013-02-17T05:10:39";"instapayment";"6383 8059 7849 5535"
"3424550";"4";"10155";"2013-02-05T08:13:38";"maestro";"6759 1887 4997 7313"
"3424551";"770";"10200";"2013-02-17T08:36:32";"amex";"3737 6706 9510 074"
"3424552";"455";"10080";"2013-02-22T06:52:08";"mastercard";"5256 4395 0711 2845"
"3424553";"486";"10198";"2013-02-03T09:19:50";"maestro";"6761 0183 6313 8916"
"3424554";"700";"10171";"2013-02-10T06:19:03";"visa";"4665 1770 5573 9456"
"3424555";"328";"10136";"2013-02-14T08:58:29";"amex";"3456 7180 3684 911"
"3424556";"385";"10041";"2013-02-04T09:06:59";"maestro";"6759 1275 0410 0059"
"3424557";"809";"10043";"2013-02-24T03:34:29";"mastercard";"5144 0828 5618 9448"
"3424558";"275";"10236";"2013-02-11T05:50:15";"instapayment";"6380 0272 5618 7907"
"3424559";"662";"10134";"2013-02-03T11:42:34";"visaelectron";"4175 0036 4763 2756"
"3424560";"471";"10158";"2013-02-07T12:36:25";"mastercard";"5587 5581 0284 1514"
"3424561";"922";"10234";"2013-02-22T05:16:09";"visa";"4060 1892 9610 7220"
"3424562";"417";"10246";"2013-02-09T10:21:03";"instapayment";"6376 6209 3360 0650"
"3424563";"127";"10289";"2013-02-16T07:06:22";"amex";"3476 7820 7084 109"
"3424564";"505";"10157";"2013-02-08T01:53:41";"instapayment";"6397 7406 8372 6193"
"3424565";"115";"10344";"2013-02-08T08:51:28";"instapayment";"6375 5263 6198 0103"
"3424566";"426";"10209";"2013-02-26T09:00:29";"maestro";"5893 9190 8074 0053"
"3424567";"790";"10035";"2013-02-18T06:54:04";"maestro";"6762 2945 1581 8569"
"3424568";"73";"10301";"2013-02-25T03:59:18";"instapayment";"6382 0374 6743 8294"
"3424569";"996";"10154";"2013-02-21T08:14:51";"maestro";"6763 0620 9351 0570"
"3424570";"954";"10171";"2013-02-04T11:41:38";"mastercard";"5242 6366 0106 6754"
"3424571";"343";"10120";"2013-02-15T03:26:32";"amex";"3493 9322 4426 956"
"3424572";"588";"10002";"2013-02-26T05:26:35";"maestro";"5893 2479 1004 6388"
"3424573";"436";"10056";"2013-02-23T10:44:20";"visaelectron";"4917 4430 8720 2194"
"3424574";"248";"10317";"2013-02-11T12:00:24";"mastercard";"5112 0633 0124 3509"
"3424575";"446";"10228";"2013-02-22T06:27:32";"maestro";"6304 1088 9744 3009"
"3424576";"818";"10256";"2013-02-10T08:17:40";"instapayment";"6377 6352 6191 2930"
"3424577";"369";"10275";"2013-02-19T03:31:22";"mastercard";"5461 2301 2563 7862"
"3424578";"194";"10062";"2013-02-10T09:37:25";"visa";"4584 2147 1380 3321"
"3424579";"673";"10290";"2013-02-05T12:26:30";"maestro";"6762 0119 0153 3606"
"3424580";"844";"10161";"2013-02-15T02:50:32";"instapayment";"6384 0855 7522 6273"
"3424581";"201";"10156";"2013-02-02T01:42:46";"instapayment";"6384 1865 5901 1648"
"3424582";"721";"10278";"2013-02-14T05:26:12";"visaelectron";"4844 7224 7494 7596"
"3424583";"380";"10271";"2013-02-11T10:32:37";"visa";"4360 2396 9674 7872"
"3424584";"600";"10293";"2013-02-18T12:40:27";"amex";"3411 4392 8201 702"
"3424585";"793";"10239";"2013-02-22T12:14:21";"maestro";"5893 2476 7489 9345"
"3424586";"361";"10249";"2013-02-22T06:04:38";"maestro";"5020 9187 7135 2281"
"3424587";"120";"10316";"2013-02-19T05:10:02";"maestro";"6763 3060 9571 3561"
"3424588";"457";"10214";"2013-02-03T05:51:27";"maestro";"5038 6608 8037 1188"
"3424589";"289";"10098";"2013-02-18T03:46:26";"maestro";"5020 7957 9735 0618"
"3424590";"1000";"10029";"2013-02-01T08:08:24";"instapayment";"6371 2710 2061 5311"
"3424591";"482";"10086";"2013-02-08T12:10:49";"mastercard";"5270 3350 5795 1388"
"3424592";"488";"10277";"2013-02-21T04:10:13";"visa";"4101 9298 6610 0266"
"3424593";"231";"10131";"2013-02-01T09:58:05";"amex";"3756 4509 9834 599"
"3424594";"154";"10307";"2013-02-01T10:55:54";"maestro";"5893 0693 7046 6918"
"3424595";"452";"10061";"2013-02-11T03:37:37";"visaelectron";"4175 0063 1288 3166"
"3424596";"372";"10070";"2013-02-10T06:56:01";"instapayment";"6374 0400 0820 1528"
"3424597";"752";"10100";"2013-02-02T02:06:23";"amex";"3443 0719 2674 145"
"3424598";"286";"10085";"2013-02-23T06:36:54";"visaelectron";"4917 9960 8588 8819"
"3424599";"659";"10281";"2013-02-23T05:22:33";"instapayment";"6371 9036 9532 8909"
"3424600";"92";"10336";"2013-02-12T06:18:57";"maestro";"6762 3240 7896 7279"
"3424601";"796";"10306";"2013-02-09T02:01:17";"maestro";"6759 3449 4440 1043"
"3424602";"991";"10267";"2013-02-07T05:48:02";"visaelectron";"4508 0847 2481 2352"
"3424603";"133";"10184";"2013-02-14T05:30:07";"visa";"4801 7121 8100 0921"
"3424604";"859";"10188";"2013-02-18T01:53:42";"visa";"4953 7017 7056 7560"
"3424605";"616";"10146";"2013-02-25T10:55:10";"mastercard";"5481 1652 9534 2503"
"3424606";"92";"10292";"2013-02-26T06:51:11";"maestro";"6761 6361 2808 3612"
"3424607";"422";"10118";"2013-02-03T03:53:12";"maestro";"6763 1789 4170 8164"
"3424608";"947";"10141";"2013-02-16T11:09:59";"visaelectron";"4175 0000 6569 7873"
